	Code	ROE	PM
0	005930	10.85	0.08001237379524301
0	000660	27.58	0.13055664055094818
0	373220	2.5	0.012917435615998042
0	207940	10.15	0.018321434743495478
0	005380	14.0	0.0644524612754882
0	068270	3.33	0.013871011867648634
0	000270	21.14	0.17921238373449544
0	105560	8.7	0.01063885965859233
0	055550	8.82	0.009743919803941105
0	005490	3.67	0.04456757576726217
0	028260	6.74	0.057872358952306566
0	035420	6.62	0.048762352021765404
0	006400	6.32	0.027581706307493528
0	051910	2.84	0.032414859773581384
0	012330	8.78	0.06485141223282578
0	086790	9.25	0.008538857671269736
0	032830	5.46	0.009641123189537002
0	138040	24.07	0.027989320986592146
0	329180	8.53	0.021845300179333702
0	247540	-2.06	0.0018800364568753775
0	000810	13.16	0.033162585259132606
0	196170	4.75	-0.00039984292737539525
0	259960	16.81	0.0609346188340607
0	035720	3.79	0.01944044385072597
0	003670	3.45	0.005078896126240826
0	066570	9.22	0.08054607386002466
0	033780	11.47	0.07000542844476047
0	012450	15.63	0.03585087513370456
0	015760	7.98	0.03483043726806146
0	009540	9.99	0.039252170773451056
0	011200	12.47	0.21105054634434883
0	003550	4.75	0.10900135756295574
0	316140	9.16	0.008370764241507792
0	017670	10.38	0.06306746226420545
0	086520	3.43	0.01909839390064675
0	034020	6.39	0.057038054539591786
0	018260	8.83	0.061784344572688187
0	042700	40.46	0.021883321401286942
0	267260	40.71	0.053155886350630434
0	024110	8.52	0.00831149498511229
0	028300	-32.55	-0.011091409809580014
0	010130	6.88	0.06904583657179274
0	402340	13.73	0.17918559103270584
0	009150	8.5	0.06074626928778332
0	323410	7.24	0.007599086272526503
0	034730	5.98	0.03991167425949423
0	042660	4.31	0.011559509163283573
0	096770	-0.72	0.023129494390352286
0	030200	7.2	0.05342337199870623
0	047050	10.94	0.06316793283604064
0	010140	7.24	0.02208029982169405
0	086280	15.07	0.10665456438119661
0	000100	8.01	0.012010510246979628
0	326030	22.69	0.008973472356961061
0	005830	15.63	0.049686996122639764
0	003490	13.19	0.07421440444462854
0	352820	6.13	0.023322605900358544
0	090430	12.33	0.030791735635772054
0	010950	7.22	0.06322495870441669
0	267250	9.69	0.06270027401092614
0	011070	15.48	0.08784216954849801
0	064350	18.79	0.04098423784141477
0	034220	-15.11	-0.006619559507449487
0	047810	13.88	0.026904762688426204
0	051900	6.16	0.0843395650659705
0	161390	12.33	0.19200180965307045
0	029780	7.86	0.03475069844825574
0	251270	4.49	0.029715857654481828
0	028050	18.96	0.09829211578332436
0	010120	14.68	0.05382764963916797
0	097950	7.24	0.07214109187555073
0	006800	6.65	0.008198385122441714
0	021240	19.88	0.11438896486251285
0	011790	-11.73	-0.015278761366146953
0	005940	9.59	0.017325628387247716
0	036460	8.18	0.04451717470768721
0	180640	14.79	0.0081744066965962
0	009830	-12.19	-0.009209039184296535
0	307950	11.0	0.04127176625634411
0	302440	1.3	-0.0027100677390464933
0	454910	0.23	0.0
0	032640	6.65	0.07321423578247854
0	010620	3.52	0.010123389904693973
0	022100	21.08	0.02403418721882133
0	078930	8.9	0.17102698701125554
0	016360	11.35	0.018384463734988206
0	036570	5.59	0.015717028405310956
0	071050	11.1	0.0118642447665722
0	079550	18.54	0.03315810206881563
0	348370	-18.04	0.0007871668709802012
0	241560	11.89	0.13112707123625517
0	128940	17.11	0.05615699668004213
0	003230	38.27	0.07645628257093225
0	001040	7.36	0.07697341194663719
0	006260	8.55	0.06748784805850448
0	011780	7.15	0.06811270218536947
0	271560	13.5	0.13282581540013771
0	000720	6.35	0.04511111290838266
0	011170	-1.55	-0.014186051468255002
0	145020	15.58	0.04360903492950346
0	272210	7.21	0.037716981606025546
0	039490	15.7	0.021228961124973043
0	000250	-5.27	0.002700071197502389
0	141080	1.95	-0.0026152151724323446
0	005070	7.41	0.00901024470401946
0	004020	1.01	0.027380208970883384
0	214150	31.96	0.03446879182991151
0	066970	-28.15	-0.05593234817219179
0	377300	-0.01	-0.0059000617223175225
0	035250	8.92	0.07168750341575537
0	138930	7.76	0.007205238784706799
0	001570	-38.52	-0.004019536046428395
0	001450	21.01	0.039563011317844565
0	298040	15.08	0.048289854238312446
0	058470	21.12	0.036937971330451486
0	175330	12.57	0.013754284221412833
0	068760	5.8	0.01120258266388851
0	277810	6.3	0.0018714357655193064
0	007660	31.5	0.03877769408029623
0	263750	2.5	-0.006407973109493257
0	052690	8.17	0.013842489687676342
0	002380	11.81	0.047827123980346324
0	112610	15.08	0.051153018475604876
0	257720	64.67	0.05905017291365947
0	088350	8.74	0.008089204610723415
0	004990	0.29	0.032633577995919455
0	403870	34.05	0.038271049076992344
0	081660	9.68	0.09148238744288659
0	361610	-6.36	-0.04185466666170329
0	000150	9.28	0.07266790054751276
0	004370	7.35	0.06803408799787013
0	001440	8.88	0.0477970276425653
0	000880	1.36	0.00996139095075594
0	383220	27.42	0.17090042156575516
0	012750	10.37	0.07201139613076221
0	007070	5.27	0.05094378184824041
0	018880	2.8	0.03515916114121449
0	039030	8.95	0.019112300320908857
0	008930	15.23	0.02177368390925332
0	000120	6.94	0.0705719285900954
0	237690	9.49	0.0168099286435595
0	030000	15.86	0.08698945724538075
0	002790	7.74	0.1182885524544613
0	028670	7.42	0.10028494524484874
0	006280	0.83	0.02004584247769722
0	282330	16.94	0.059981071593388224
0	051600	13.41	0.09460708782742681
0	009420	4.95	0.004274559377904319
0	357780	17.54	0.09545187100933472
0	008770	11.72	0.02660919968095617
0	214450	20.87	0.06403293713600017
0	012510	12.72	0.0365496871712275
0	026960	9.23	0.02340203629773374
0	035900	21.98	0.06485271697578208
0	000990	9.42	0.09619703225675895
0	139480	-0.06	0.008866335939364051
0	047040	8.25	0.06628013321863165
0	006360	5.87	0.024657669046859173
0	111770	10.53	0.12151957928855
0	023530	1.42	0.025208822596029145
0	078600	13.37	0.014299528735042727
0	089030	13.15	0.030072634948626647
0	294870	6.29	0.04191387026148255
0	020150	0.96	0.00613681974332425
0	069620	9.56	0.05838302223296734
0	240810	1.67	0.005073924491098318
0	035760	-0.48	0.02745082998178831
0	017800	26.15	0.022762679391133047
0	014680	13.96	0.07255791561973142
0	005290	16.95	0.072997409089122
0	204320	10.74	0.059674512569251444
0	007310	9.09	0.10256843629314755
0	161890	12.59	0.06525652224572288
0	018670	6.37	0.0504620516170679
0	103140	12.81	0.11251053459486654
0	000240	10.75	0.20610739004906245
0	185750	11.3	0.055240945961943275
0	005850	18.3	0.16889129693852045
0	041510	10.95	0.047702928798123365
0	000080	9.92	0.06131988122260504
0	086900	9.16	0.032017585778457425
0	225570	26.3	0.06686861722545359
0	293490	1.05	0.010949847393705798
0	039200	-2.3	-0.0018101176266151421
0	298380	-54.0	-0.022998352742984784
0	004170	6.54	0.06319774601697879
0	178320	21.43	0.0756951152981406
0	003690	9.51	0.03564821211229212
0	042670	11.79	0.088447958213327
0	004490	14.96	0.12015386172689543
0	137310	-2.81	-0.03138653766413073
0	010060	10.66	0.1013742426675946
0	280360	6.27	0.06641572149693196
0	011210	5.4	0.06325894554091407
0	139130	5.62	0.004744982230756041
0	003090	12.25	0.074119201829891
0	395400	0.38	0.00831203222453735
0	096530	3.19	-0.005646800532229773
0	192820	23.8	0.0671602067281012
0	065350	6.75	0.016272274107603277
0	073240	21.36	0.16893710878603332
0	001720	9.27	0.01771561878192437
0	082640	6.97	0.010955585420932206
0	140860	23.52	0.028886139173277283
0	328130	-10.28	-0.03428648893429944
0	036930	19.07	0.07007657883593885
0	009240	28.74	0.023070818643334212
0	009410	-685.73	-0.007675407029898151
0	298050	14.55	0.07443058270552835
0	137400	24.29	0.058657332902631594
0	005300	8.0	0.0557625018667513
0	232140	10.56	0.030369333470819306
0	298020	13.04	0.08331281293605844
0	067630	-2.57	-0.01949025582671142
0	310210	-63.75	-0.025602643697905166
0	375500	4.38	0.04930128063107256
0	064760	14.0	0.05175366960286624
0	004000	8.11	0.05909914839768802
0	001120	13.58	0.07854894261161802
0	336260	-1.64	0.0009136800957920485
0	067160	31.0	0.08422848308766692
0	950160	-16.69	-0.018460319318499042
0	082740	-0.19	0.004677453153209882
0	014820	8.66	0.049663207761461714
0	095340	11.48	0.04559996485466124
0	281740	17.89	0.022102787924840266
0	089860	8.89	0.04883270691386085
0	031980	22.34	0.05838739407179314
0	108320	12.56	0.11071363001618978
0	195940	3.99	0.03705199902281677
0	009970	16.88	0.29714024815399154
0	003620	0.82	0.007367519677702017
0	084370	11.81	0.03424524468556609
0	079160	-5.83	0.03053080750718292
0	103590	10.52	0.05017275751915234
0	087010	-35.68	-0.014302327087564064
0	253450	5.88	0.03859588047980372
0	036830	7.63	0.07501520142759507
0	069960	2.24	0.04472523894367067
0	006040	9.97	0.09031459157654147
0	192080	18.9	0.22124015318263143
0	300720	12.52	0.12766178138717824
0	001740	3.05	0.030570121266176486
0	267270	8.52	0.08506151123440396
0	018290	47.27	0.0954751645542542
0	112040	2.26	-0.0010583460177637396
0	121600	5.01	0.010802776543417967
0	365550	1.05	0.013893228311719064
0	204270	6.4	0.012606208809963083
0	051980	-114.48	0.0
0	034230	5.07	0.06061830176106703
0	352480	25.08	0.045724662708320575
0	009450	14.65	0.07812115012440535
0	353200	4.73	0.03100102794968636
0	033100	57.64	0.06774755216127237
0	000210	4.05	0.0632559684288761
0	287410	36.36	0.04981849336919613
0	120110	4.39	0.057776367070765645
0	001800	5.26	0.25421627330454466
0	330590	0.3	0.017229754245882162
0	140410	-29.03	-0.015121762254715239
0	248070	15.99	0.07076852308399993
0	002840	16.95	0.06700401326121096
0	085620	3.35	0.0056125728642065905
0	085660	-2.94	-0.0048796225083364035
0	145720	19.8	0.11013247989170549
0	336370	-0.12	-0.016385513315592865
0	056190	12.48	0.10211037303403035
0	214370	18.02	0.043876223219416796
0	078130	-22.79	-0.04304207420918913
0	007340	27.29	0.12098281067147335
0	241710	21.97	0.06510005534897716
0	285130	0.69	0.011826630127533698
0	042000	10.12	0.02062693288244621
0	003540	4.73	0.009947784294796666
0	229640	16.77	0.040028818934266734
0	002710	1.3	0.010121079315271874
0	047920	-22.32	-0.023053965964898036
0	317330	-4.05	-0.0057316772607168024
0	100090	5.55	0.03670341089570543
0	000400	19.72	0.028071521414183377
0	023590	9.35	0.013170925612836726
0	950210	3.99	-0.19779080936251958
0	119860	0.29	0.032515371307723695
0	005250	-5.37	-0.006219021593489588
0	281820	7.22	0.038780085252147045
0	025540	12.25	0.11501863264505138
0	000640	6.64	0.04854495421366804
0	019170	-19.13	-0.056032001601995125
0	319660	18.18	0.09793570047381474
0	178920	-0.55	-0.003998733529319124
0	192400	12.72	0.09123818433906049
0	067310	2.94	0.05098025540670701
0	214320	10.74	0.06371191135734072
0	271940	0.45	-0.012543226133120491
0	213420	11.72	0.05694508328369238
0	069260	11.67	0.1042736988191312
0	064550	2.51	0.012125534950071327
0	086450	11.28	0.07809783846348921
0	048410	-28.02	-0.012957288150652538
0	222080	17.96	0.06730210321315945
0	039130	43.71	0.04865056978985985
0	003850	11.23	0.07141631831273305
0	002350	9.46	0.07364542754384143
0	098460	10.01	0.02843221096257435
0	001530	2.87	0.01363746497765129
0	166090	8.81	0.04535141421070472
0	053030	-4.99	-0.013762503401804628
0	003530	0.59	0.0027806958458835187
0	004800	0.32	0.0393295117086558
0	074600	16.24	0.08526700433973654
0	115450	-1.66	-0.012438722136619033
0	005420	-10.55	0.0026197452364124466
0	001680	7.51	0.07464267467507384
0	005440	14.4	0.0881083075874332
0	183300	26.0	0.1301765597190937
0	383310	34.05	0.050136601248197465
0	089590	27.28	0.06553853595907322
0	025320	12.21	0.032451214560457686
0	020560	-3.53	0.038956768646139485
0	090460	17.46	0.11281320115964705
0	222800	3.77	0.023994553236415334
0	003570	9.29	0.06844623616693243
0	393890	1.29	0.008015744874593323
0	348950	2.67	0.019058157546188555
0	000370	7.76	0.031270291720875275
0	093370	-3.21	-0.005777636799607273
0	001430	6.09	0.07770774682731778
0	009520	4.23	0.006263755642373683
0	268280	4.95	0.02892030848329049
0	105630	17.22	0.141139489194499
0	032350	-39.04	0.02435514973351374
0	071970	8.99	0.03841320089330374
0	114090	13.61	0.07636522092661152
0	003030	9.22	0.10089464203626129
0	006110	1.73	0.004621015893862561
0	006650	0.16	-0.007384557861282483
0	010780	7.91	0.0802141053840838
0	170900	1.39	0.006463359292211971
0	036540	4.61	0.022263992813126396
0	007390	-19.7	-0.016040295714531323
0	181710	1.94	0.05030393076032826
0	381970	11.8	0.06136519503013479
0	440110	-50.2	-0.08235651387181639
0	122870	2.27	-0.00688025909804807
0	006120	6.63	0.03807791016324787
0	344820	5.58	0.06871626799778517
0	365340	-9.83	-0.028583746805170798
0	064960	9.91	0.11785507923554427
0	005180	14.7	0.14966353942034086
0	199800	-84.21	-0.02412671179725661
0	001060	24.79	0.09324511737617254
0	003240	-0.46	-0.07351641435152827
0	012630	4.52	0.04493575661662629
0	069080	10.76	0.08823982482084393
0	017960	6.22	0.04637877044910385
0	161000	4.52	0.03798104712062608
0	049770	13.02	0.1014615674434029
0	192650	12.06	0.07117990684619503
0	000070	9.11	0.032435930142039264
0	041190	26.51	0.22199463404783196
0	009900	22.73	0.1641183352338779
0	006380	-3002.99	-0.15839281417916432
0	030190	17.7	0.11557537091349271
0	003380	1.34	0.06489665104828984
0	005880	15.07	0.11671117947579895
0	403550	-12.31	0.0009333757857530715
0	189300	3.9	0.00992444233113844
0	340570	31.1	0.08584832344033606
0	399720	15.54	0.010600631797655139
0	003470	4.08	0.008967338397413684
0	036810	-5.61	-0.014296500011615906
0	000670	-1.58	-0.09066115367118939
0	278280	-18.5	-0.02654867256637168
0	025900	2.3	0.015088140133205325
0	101490	13.4	0.05123656750640537
0	030610	3.93	0.005119827937891511
0	015750	13.63	0.08761092150170649
0	131970	13.34	0.07233726328067908
0	057050	9.91	0.09290670778720124
0	016380	7.96	0.21202238053637118
0	293940	1.48	0.017040192628264495
0	046890	0.59	0.011316657897802788
0	008730	-5.96	-0.0175449996750926
0	058610	7.17	0.026645131188322617
0	272290	15.59	0.10592129801830175
0	215200	17.0	0.1104494362771125
0	418550	18.0	0.01968740663862633
0	014830	9.59	0.13383297644539616
0	058970	19.36	0.0118900204129249
0	237880	17.66	0.07198252930576937
0	053800	13.34	0.04162283655847252
0	131290	8.1	0.04647110254280185
0	007700	5.84	0.43820226193124495
0	091810	44.55	0.08629931333855502
0	060370	9.89	0.026820728205291994
0	144510	-0.03	0.006256008056517693
0	383800	9.32	0.31934954883892486
0	003280	23.02	0.04327606877376555
0	002030	9.06	0.13229609671483036
0	272450	112.52	0.14146248293832017
0	003960	17.38	0.1216036470310122
0	348210	27.58	0.09223108105282339
0	338220	-144.33	-0.0063804832277738685
0	071320	7.84	0.04283795106379629
0	017940	10.35	0.030069147692845362
0	145990	7.58	0.05792892724479839
0	420770	20.87	0.06678395200714397
0	377740	1.14	0.007627765064836003
0	336570	30.31	0.07890709769890503
0	195870	13.87	0.14074550128534705
0	251970	13.2	0.07928415723226215
0	016800	13.33	0.06392445291927722
0	078340	2.12	0.006406401441646983
0	194480	33.81	0.09739078999076742
0	376300	16.86	0.05659732900185663
0	241590	8.58	0.05661837207309254
0	335890	44.89	0.04514957416156684
0	077970	12.29	0.05037863633772503
0	284740	14.85	0.20059221077880654
0	031430	6.53	0.06218954076876098
0	091120	-4.67	-0.0229124825557148
0	002240	4.36	0.05054540557525699
0	080220	11.21	0.03525436619383563
0	249420	-43.75	-0.06062597068337267
0	001200	3.09	0.0035387693672374854
0	358570	-66.32	-0.11183041121657765
0	007460	-30.65	-0.18034873228981027
0	290690	-12.66	0.001299141994661046
0	003520	-4.32	0.006022685572032101
0	033240	11.33	0.09905262622965223
0	099190	2.42	0.014504031239066874
0	005610	15.51	0.07943440117867062
0	030520	12.66	0.07582128024155409
0	082920	17.27	0.09816791517456656
0	018250	13.17	0.12901520723044657
0	014620	9.37	0.10480897849988581
0	095660	7.42	0.055381742531841464
0	025980	17.47	0.20603116018353226
0	397030	-22.27	-0.029978849250685374
0	079370	13.16	0.07619916854007261
0	323280	-4.48	-0.001502131062609016
0	003160	4.91	0.01689641092071359
0	183190	12.29	0.12826581973987175
0	101360	-11.35	0.008257774694875224
0	228760	-5.43	-0.021669656623077353
0	220100	-10.02	-0.018814228753248254
0	017810	12.65	0.038133872189368076
0	314930	-2.27	-0.0047206613817438806
0	091700	9.52	0.10020904023330335
0	200130	7.61	0.05506912362780701
0	084850	1.5	0.010285899283345227
0	003300	7.12	0.14783159793989786
0	432320	11.49	0.05484955808769009
0	253590	10.02	0.02274572728137988
0	130660	15.53	0.04955665850887826
0	206640	17.02	0.08257482722727917
0	126560	-0.25	0.005482974076992032
0	002960	31.27	0.08643236616264814
0	215000	16.86	0.16479394986171003
0	290650	39.5	0.014685283410235585
0	093050	5.51	0.04329696589345628
0	114840	41.62	0.0983702068837235
0	215600	-29.9	-0.0696371908893369
0	032190	5.49	0.013734453119328935
0	099320	3.53	0.00458716606348491
0	049070	5.03	0.036816924572026614
0	256840	13.06	0.013908187787238848
0	453340	11.82	0.15476298299017013
0	286940	10.32	0.06977237661258708
0	006730	5.09	0.027017302635248687
0	005090	10.79	0.07332437998784395
0	039440	13.64	0.06981319469379713
0	206650	-11.77	0.017601587160259367
0	900140	-10.26	0.012650360648106013
0	101160	25.3	0.13750807568164378
0	001820	10.9	0.06481963022662104
0	001340	3.65	0.029744799701543704
0	082270	-22.43	-0.0192195687323405
0	005690	4.56	0.003367749924154386
0	357120	2.61	0.020142633257119576
0	075580	12.5	0.0588456391858913
0	200880	19.68	0.10599480022774116
0	108860	-2.74	0.009923053977178187
0	179900	-91.71	-0.041231598306281286
0	372170	16.4	0.04540408695036854
0	034950	18.64	0.06361335702971976
0	034310	0.51	0.038138575649624286
0	058650	3.89	0.0656896100497252
0	020000	5.06	0.11924562450910002
0	200670	19.16	0.12117844198796293
0	068240	1.83	0.024260927913869433
0	102710	-4.73	0.03680656140288134
0	005810	8.45	0.13440320664641697
0	023160	9.52	0.121420933824403
0	029530	5.65	0.06020369312773654
0	032500	-31.45	-0.13559546814507836
0	176750	20.31	0.013383711644144784
0	161580	-6.15	0.017253649213813185
0	171090	-0.7	0.027633895623580474
0	108670	9.3	0.06008057278474701
0	115390	-7.27	-0.04629875873686103
0	033270	13.47	0.11982988513760828
0	033500	15.65	0.08603112757188959
0	448730	0.46	0.008998571476778062
0	029960	19.79	0.08802456499488229
0	107640	-83.21	-0.031018081832050032
0	123890	5.3	0.09922525961766941
0	059090	-25.04	0.025647351302005413
0	089010	-5.73	0.08222366271434961
0	095610	0.52	-0.015394464630617386
0	026890	11.38	0.08745434869787344
0	439090	21.02	0.07145395688998124
0	036530	8.5	0.161634038864408
0	252990	-1.22	-0.007650391259475471
0	004690	5.27	0.04260177163852835
0	011930	9.86	0.04566651966888307
0	104830	11.3	0.15938327657964432
0	043150	13.52	0.12045861342727997
0	032820	5.06	0.018619478239144827
0	002310	9.8	0.17009748041942077
0	095500	-0.54	0.019666502061393937
0	097520	12.44	0.07028265596625988
0	003000	-12.8	-0.0707467759892385
0	004700	2.23	0.016044770512666073
0	334970	-16.54	-0.0417599399805735
0	243070	16.61	0.10059169471857678
0	007160	3.69	-0.028025328330206378
0	138580	21.39	0.05849331569656536
0	013030	11.85	0.14407855193580746
0	093230	-49.27	-0.012623432286796889
0	089980	2.94	0.017777545787109352
0	451800	0.94	0.018756312220458808
0	038500	4.85	0.07607429205191964
0	060980	8.91	0.0889024760810862
0	104700	8.26	0.20284118191293754
0	319400	2.67	0.009648584775589863
0	013890	0.85	0.024271757740800703
0	323990	-19.24	-0.03403534034408071
0	003920	-9.48	-0.15892527877776802
0	060280	-5.33	0.003304417080399712
0	099430	18.86	0.0818144650096287
0	094170	64.09	0.06972078519937172
0	360070	13.95	0.036029450159260616
0	003220	10.92	0.07904375942062417
0	230360	18.09	0.12557338463830567
0	394280	-2.2	-0.0005618621459987549
0	297890	40.57	0.019209305982181846
0	088260	4.19	0.022710974052935318
0	093320	9.3	0.056018554917839455
0	031330	8.92	0.09199028548196418
0	027410	3.45	0.1224083561593531
0	166480	-15.31	-0.013278124661407821
0	122640	-36.27	-0.0009400713890212822
0	306200	20.68	0.2707228475140428
0	126720	10.21	0.11597947671538729
0	025860	2.34	0.018628570356409697
0	003350	14.58	0.024678981295525867
0	119610	7.52	0.044258660186360405
0	110990	7.23	0.05339498371168981
0	094360	11.87	0.021576347613207477
0	001250	6.78	0.07125328966658527
0	009290	6.96	0.0550915282930395
0	035890	17.85	0.25163830430240364
0	045100	15.39	0.13923429319371727
0	053610	12.82	0.09888751545117429
0	058820	3.44	0.009822414028502681
0	005390	21.69	0.16086073644166138
0	010690	16.91	0.09390914938447878
0	025770	11.67	0.07547647218656058
0	084690	2.85	0.04007067011636208
0	084110	7.95	0.1581263744597609
0	005160	1.04	0.024508605281193144
0	011500	7.87	-0.006255714040885001
0	388720	-17.54	-0.023883546556538498
0	041830	14.36	0.12323064688603642
0	009470	25.99	0.07829525139300302
0	051360	22.8	0.09523731822251481
0	072710	6.11	0.11219902945604479
0	218410	11.18	0.02071618796591462
0	018310	23.35	0.2635323097831857
0	001940	8.37	0.30041856576273074
0	083450	16.97	0.12023340330634504
0	114190	12.32	0.01615830719766174
0	267980	10.17	0.11744774850257661
0	035150	25.09	0.16180178161241526
0	036620	37.53	0.10762422187395129
0	378340	-8.42	0.03672183286012171
0	243840	6.45	0.04528597677703713
0	322000	-4.12	-0.02769705775517617
0	006220	0.96	0.00038396074857873603
0	094480	-0.04	0.017263473061757635
0	216080	21.74	0.005576285755305117
0	337930	22.89	0.09463757497533376
0	060250	17.7	0.08168379079924785
0	007690	2.93	0.04090530234196979
0	136480	4.29	0.05182934827865947
0	151860	7.53	0.09673632014788354
0	001390	11.06	0.10038045598962925
0	034120	2.26	0.007794114257298347
0	095700	-23.49	-0.1159620853518101
0	304360	-477.19	-0.01957620134253589
0	265520	17.26	0.1264698106577501
0	003800	8.11	0.16467777326759706
0	050890	14.45	0.07634723059796981
0	114810	22.58	0.07357833487361132
0	002320	1.7	0.046239256934445735
0	006390	9.29	0.07517691006360719
0	060150	0.5	0.05538078885941162
0	122900	4.31	0.04115701867351928
0	009680	6.26	0.0501583949313622
0	100790	7.66	0.03174887124551807
0	126700	22.06	0.1679860538451298
0	041960	-6.8	-0.018669642746014032
0	200710	-10.23	-0.04156192583632628
0	044490	6.87	0.07829545676637861
0	900290	7.93	0.09169161267866649
0	004430	5.02	0.08929116551682031
0	000500	5.65	0.06095561385162623
0	041020	33.22	0.01949417765509442
0	092040	-15.14	0.004188716352116342
0	298690	66.45	0.119680723584562
0	001270	7.89	0.056371809200597166
0	035600	14.19	0.09694754219871299
0	084650	-2.14	-0.0208506577769274
0	001500	4.28	0.006274546788499054
0	000430	6.17	0.09044381636238637
0	001630	8.61	0.018950942697923086
0	272550	8.98	0.10017489597029286
0	174900	-40.0	-0.04447184081710627
0	051370	17.94	0.11061670070138106
0	000680	1.92	0.018526726887792413
0	004360	6.78	0.05221145530244622
0	000480	0.06	0.0376839627766615
0	017390	1.91	-0.0033776651889381466
0	205470	-17.48	-0.16375959528878645
0	950130	-0.53	0.057813109914926934
0	001790	5.97	0.05523815009729111
0	084010	6.42	0.08183562283313504
0	101730	8.0	0.012551434042626982
0	078020	3.09	0.004912096636221598
0	023410	7.0	0.0581993306387411
0	100840	12.78	0.06624168211477895
0	007810	1.84	-0.0004992639601068125
0	007570	-1.1	0.05951343923845835
0	024720	-0.61	0.025697021621016558
0	033790	-8.62	-0.010754500412742361
0	054950	15.17	0.09548763406377539
0	029460	6.44	0.14505755486179403
0	226320	0.92	0.02812546680462266
0	334890	7.13	0.09313865058300354
0	015360	4.99	0.05196590596645587
0	027360	6.61	0.05869498174486584
0	217270	-4.17	0.007681097586948279
0	100120	10.88	0.08297449334440846
0	034830	-0.84	0.03497107279725459
0	005500	6.99	0.05062003368084192
0	255220	-47.71	-0.0474194160590454
0	102940	-20.12	-0.05898116763133099
0	348340	-55.35	0.003074085459575776
0	060720	13.13	0.11090631480468874
0	117580	4.72	0.028372739916550763
0	000540	15.99	0.03844321433888681
0	102460	1.44	0.0035676463707691158
0	416180	13.64	0.028286637931034482
0	108490	-1.51	-0.019767030256945657
0	003580	-40.28	-0.04821579145661027
0	011760	17.7	0.06850664553973626
0	950170	39.8	0.0982753412995637
0	016580	7.02	0.09328873901265963
0	001230	9.45	0.09537502539102173
0	211050	59.54	0.12247087676272225
0	005720	3.63	0.0722802476712449
0	011000	-53.09	-0.22775487758951768
0	121800	-2.88	-0.03330970923517408
0	950140	25.1	0.1231705356218737
0	299900	25.3	-0.07417169653074934
0	009160	-1.09	0.025056150834019037
0	089970	4.8	0.014250160136174531
0	096760	16.48	0.1384957819241021
0	123860	5.85	0.014677917562291452
0	357550	10.5	0.013687754934435652
0	389020	-4.67	-0.008296525731081946
0	083650	16.02	0.038681827436535775
0	077360	12.14	0.043534611233957125
0	118990	16.88	0.09410920927956429
0	039840	-13.41	-0.05926839388481447
0	417010	14.35	0.02051434632820933
0	441270	13.09	0.08147300613774068
0	033640	-49.65	-0.07622286852439364
0	268600	-175.42	-0.06929658031275668
0	056080	-12.48	-0.01886381099071451
0	013120	4.93	0.09392842487041009
0	086890	5.1	0.011107443439616378
0	000490	4.41	0.04092153136179235
0	058430	11.2	0.13456090651558072
0	144960	8.16	0.02521817164433694
0	006340	10.02	0.03931039366808584
0	299030	3.04	-0.01941743590024087
0	096040	-35.53	-0.0866074839236801
0	001510	0.4	0.00225517019760013
0	084680	-3.92	0.027275165904821798
0	150840	-60.18	-0.020277279118648062
0	078150	18.65	0.033811754185629976
0	002810	10.38	0.048409374891993616
0	425040	16.53	0.06422560436293705
0	092230	9.54	0.09501912368831113
0	108230	16.55	0.11325452131745538
0	425420	16.86	0.03510320246134498
0	138490	10.79	0.1442375017504551
0	377190	1.12	0.014363020556902183
0	064090	-34.95	-0.003820116325088843
0	307750	5.13	0.017839263161585368
0	097230	-31.41	-0.04581448854566201
0	001780	7.19	0.05416533906364206
0	002150	7.7	0.03951473737314687
0	263720	15.97	0.06339186896514822
0	082850	8.23	0.047317568842239914
0	053210	1.65	0.02163275047991841
0	001130	8.5	0.08618240215000761
0	126340	4.11	0.01673401864521972
0	052020	-56.63	-0.11666511337538155
0	090360	0.77	0.004255113389101108
0	102120	-11.1	-0.038811583981821295
0	148150	-4.89	0.1228133188612663
0	126600	-3.87	0.055363397535829896
0	290550	17.41	0.07904551890030644
0	235980	-68.44	-0.1256488366313826
0	270520	-9.93	-0.02939749641151545
0	037710	6.0	0.16013898547139785
0	036200	9.05	0.08717764599401907
0	078350	9.91	0.055320230567769774
0	179290	14.5	0.06305875197338115
0	025000	8.07	0.14216632950995928
0	213500	6.81	0.0657920477246096
0	048870	1.45	0.05860207332572705
0	214430	14.91	0.04491564143033492
0	208340	-68.87	-0.1457200778723279
0	214680	-0.36	0.0013321104559347852
0	294090	-82.07	-0.15781144840348688
0	012030	5.96	0.060206875510627526
0	024850	-1.32	-0.0042129940955589916
0	000520	1.31	0.016272494282471375
0	270660	4.42	0.006106631060393686
0	004090	7.91	0.04355496449855584
0	071280	14.18	0.0823325618202194
0	003120	-5.04	-0.03193230351654492
0	086980	-25.24	-0.12680578381343438
0	016590	8.41	0.1474737668117573
0	064260	-9.1	0.005247478940573883
0	000020	7.45	0.052649409291831
0	298830	7.32	0.04049994755256792
0	271980	3.16	0.01583669635592156
0	070960	9.32	0.09455158948953578
0	043370	8.5	0.12180218347726901
0	024060	1.42	0.00042176296921130323
0	064290	-7.87	-0.014849806358525085
0	005010	7.54	0.2521099061676397
0	054450	-6.83	0.024993187250306824
0	051500	16.51	0.07814774434725076
0	092220	-11.8	-0.15273757880269742
0	034810	-3.88	0.07820233561758702
0	371950	-31.78	-0.08445581148537333
0	092790	35.49	0.38493799537213
0	030530	-3.01	0.06625721827546521
0	004380	0.48	0.014291928167526254
0	006060	-7.57	0.020025025606900157
0	080160	18.41	0.037469307056985236
0	083930	14.64	0.05635473500143349
0	018470	-0.07	0.023840263726045863
0	086390	4.66	0.027486892043179664
0	061970	-5.82	0.0055267636118574645
0	339770	9.01	0.07219390538486725
0	005950	-13.5	-0.05967115122006992
0	004560	-5.93	-0.0796836053788969
0	102260	8.66	0.13289056022653933
0	048530	-9.56	-0.01630903183804716
0	109070	-7.43	-0.006434974581850402
0	057880	-178.72	-7.149936287696458
0	404990	2.04	0.02012996750563131
0	017890	2.16	0.06595831651245672
0	039570	5.07	0.03211089500648671
0	052400	18.18	0.06786145791381394
0	047310	9.17	0.04076381458892502
0	214420	15.67	0.06269427388118934
0	278650	-0.19	-0.005125381821232675
0	044450	4.12	0.06150358282025152
0	032620	-1.54	0.015326424823273184
0	000140	0.17	0.04651384946162779
0	095720	1.44	0.022728467128265775
0	109610	-5.17	0.03253842985950265
0	008060	2.11	0.05861713013527261
0	037560	4.16	0.03961599508096013
0	052420	5.8	0.056168477480885354
0	067390	-446.04	-0.08167222974965448
0	004980	14.38	0.08575278237946679
0	417310	1.45	0.009567775731336858
0	194370	26.09	0.16678989420515397
0	044990	41.39	0.06499294362326376
0	377450	14.55	0.10150934514794313
0	204620	10.29	0.08267765412603865
0	095570	7.72	0.06327515412169649
0	236200	13.33	0.10680828117189503
0	317690	-74.33	-0.10923509054394248
0	389260	5.39	0.03885333795540707
0	008490	2.46	0.060994529907271985
0	293480	8.17	0.10020631366580304
0	027970	-15.69	0.042738509438321776
0	322510	-51.67	-0.03126737320948048
0	078160	2.38	-0.07700305815651366
0	097800	-54.2	-0.12079983012906333
0	045390	9.27	0.010939393360195419
0	011040	-8.53	-0.09793935978764239
0	143240	10.91	0.10976751240871833
0	190510	17.32	0.08914190354327678
0	254490	13.71	0.05141643840828516
0	203400	-232.94	-0.15486570224421678
0	038290	-1.27	0.02254859499872836
0	002390	-8.02	0.019530923031422464
0	001460	4.51	0.0789672122391713
0	036030	6.92	0.03616922716859438
0	001750	7.4	0.033248032143766613
0	012320	4.37	0.06427836169009644
0	083310	22.87	0.2247444284618752
0	016610	0.65	0.00236000719835435
0	071840	-2.78	0.0068197642756794895
0	194700	10.87	0.10116007381142816
0	042370	-0.38	0.08793248739023705
0	024810	-4.11	0.016299147967628273
0	064800	-6.63	-0.05471541570949009
0	101930	1.47	0.014575837188493536
0	001080	3.54	-0.1539019284519758
0	036800	9.28	0.035933307780758914
0	330860	-12.57	-0.019214194043087468
0	009580	4.25	0.05378262683984391
0	067080	-1.52	0.006111837706750482
0	019680	2.46	-0.0063651786898318565
0	032300	0.13	0.026091962072889593
0	015860	6.21	0.06517130043152555
0	037270	3.5	0.01472739554917991
0	078520	6.05	0.04277604526456046
0	001520	2.31	0.06881816952581664
0	305090	8.34	0.0043979562013405854
0	363280	-76.5	-0.37171294466874716
0	000390	5.33	0.055981167935106636
0	082800	-3.24	0.01831656663003353
0	089600	10.46	0.05213341936745744
0	035080	-2.78	0.0023882150645312184
0	033160	-9.18	0.03075856169525846
0	002020	0.79	0.02544312075379288
0	107590	5.82	0.040189198380066155
0	226950	-33.0	-0.08084361646366922
0	030210	-1.66	-0.007587011513047676
0	028100	4.54	0.02224656825016006
0	008350	-0.09	0.02506652381254746
0	146320	9.33	0.021437384575563604
0	053080	12.77	0.0820635872825435
0	182360	18.71	0.059937828125553406
0	036890	12.86	0.11324065824621332
0	003200	0.9	-0.002803495173502709
0	014940	16.7	0.06836545809592656
0	322310	6.18	0.013877212114343602
0	003070	-5.68	0.012581350342538758
0	122990	6.63	0.0784623930845789
0	079940	11.79	0.12065850312760434
0	068930	8.03	0.0993496571443332
0	092190	-183.08	-0.09066069190352331
0	081000	2.48	-0.01868527040134262
0	016790	-565.5	-0.025874345896535735
0	083790	-29.33	-0.12548100034915394
0	405100	10.51	0.05204915635888328
0	023760	12.39	0.024758904662197646
0	011810	-73.98	-0.027897766069643316
0	078070	5.91	0.14475417100707164
0	002100	7.98	0.07118893832376831
0	093640	-18.6	-0.022237792865136077
0	016450	12.3	0.14019658561821002
0	090350	7.67	0.08949167022639898
0	234080	18.78	0.1284898081385195
0	149950	3.44	0.01201200676516221
0	067280	17.37	0.1366840020193959
0	036420	-195.24	-0.006344259440939718
0	264850	11.13	0.028302331797669774
0	445680	-20.76	-0.029095360731007214
0	299660	-36.9	-0.07363616912055176
0	138610	-20.3	-0.010417917112683741
0	122450	6.85	0.07333020268562641
0	211270	11.66	0.04532538646174686
0	298000	-303.79	-0.013151541669458987
0	005680	2.59	0.03753351206434316
0	007860	19.08	0.1488877292633413
0	092730	15.12	0.1370553197321503
0	092870	3.36	0.008714389374022174
0	317400	4.71	0.07522919962063573
0	282690	2.54	0.05208514112177311
0	293780	-21.21	-0.08287348654821822
0	096240	33.62	0.07357522453581916
0	060590	-18.41	-0.01794966725999422
0	214390	2.06	0.01911261318489528
0	136540	11.73	0.11365429963563711
0	100250	10.42	0.009559025755019648
0	134380	15.74	0.12731415201616533
0	090710	-6.43	-0.01827164122036099
0	079810	1.2	0.006644630466302969
0	199820	6.51	0.035941369823625904
0	045970	-34.72	-0.06721792393619727
0	101530	8.31	0.07887163103581768
0	039980	1.28	0.012566422970214814
0	048550	-9.68	0.005998734952494733
0	046440	10.21	0.14624028337428438
0	004250	7.54	0.09020551009387469
0	033920	12.83	0.05990791930920992
0	049950	2.66	-0.008764693751288926
0	079430	0.74	0.033424983625556313
0	000320	8.41	0.11916023588537956
0	073010	31.81	0.06820798603377902
0	035810	4.61	0.06324574956726776
0	019210	6.84	0.07312982830667147
0	063160	-17.87	-0.06092507181316634
0	052260	7.94	0.06421591437878083
0	214180	17.48	0.08764748338915207
0	354320	-6.46	0.049339846813739756
0	225530	18.1	0.08349391185808368
0	396470	4.74	0.008628882134072119
0	053690	11.15	0.08440155559301377
0	029480	7.51	-0.01593141159659705
0	304100	-15.24	-0.049100474036038906
0	084990	-34.55	-0.1510146295422369
0	182400	5.31	-0.30661017239762095
0	267850	6.75	0.04050150656702999
0	036190	12.03	0.16171003717472118
0	005860	109.57	0.007620325575870121
0	005430	11.77	0.17809030765541464
0	321820	-29.15	-0.01675542472107549
0	089890	11.02	0.04099925432606194
0	000050	-1.8	0.025563374841596948
0	006840	6.17	0.06765840425110627
0	110790	7.03	0.09652879925209236
0	025950	8.4	0.03359641638225256
0	123410	18.17	0.0982452824799953
0	101670	-65.4	-0.21726923223395406
0	003060	-29.75	1.5370323759430427
0	234690	6.87	0.04842467610809495
0	131370	8.14	0.04543126519862722
0	382840	4.85	0.0184615522922666
0	117730	-177.6	-0.03128985521458984
0	105840	9.45	0.120279378066265
0	128820	-1.05	0.027769239128966512
0	282880	10.09	0.04672981249791888
0	136490	3.26	0.10041331148888945
0	143160	9.72	0.08389736367754962
0	100130	-5.94	-0.009776526328093747
0	402030	-27.31	-0.0617617158886955
0	112290	-9.45	-0.03613930311377162
0	053300	5.33	0.05638802176642083
0	042600	-15.55	0.001295731885085167
0	206560	-2.88	-0.0
0	065680	10.99	0.09995579823512472
0	083420	2.76	0.021269355113152966
0	210980	2.63	0.04449086880860364
0	321550	-27.32	-0.1432066008146395
0	011280	1.48	0.04621283332879532
0	121440	5.41	0.11355314527777698
0	006620	11.12	0.06311811712604191
0	063570	9.64	0.06746952085091731
0	092070	3.38	-0.01719440444274951
0	035510	8.19	0.16057808109193095
0	042420	2.13	0.05009744817418986
0	131400	1.63	-0.039565715788821676
0	106190	7.81	0.05383683675215903
0	297090	3.59	0.014202862323133785
0	000860	2.73	0.051638751321573646
0	123040	6.11	0.14151715948182375
0	217820	-2.86	0.005560109626189036
0	023910	12.01	0.17566241413150147
0	047560	-10.07	-0.03513003322590648
0	001470	-73.88	-0.2214413403899836
0	365590	-55.8	-0.05557332753233954
0	092200	31.14	0.05442845516017262
0	192440	9.58	0.17508287917594986
0	298540	16.79	0.1831034879154244
0	448900	5.22	0.0266314553409074
0	064820	12.11	0.019251372895223922
0	004710	13.25	0.10250675124347083
0	432720	-68.32	-0.08294774358808388
0	054210	6.26	0.07061296513503429
0	008110	11.5	0.027455656313456187
0	030960	0.66	0.008191401548805
0	003650	13.89	0.24000480009600192
0	015890	5.55	0.13434799274045595
0	400760	1.05	0.019477291815018706
0	217330	-53.45	-0.07120005459475372
0	234340	11.02	0.037591890894809
0	200470	-15.65	-0.0929745468576897
0	007210	13.1	0.10816079226933441
0	041440	3.54	0.045936228571323574
0	068790	6.49	0.11284594505862834
0	027710	4.8	0.03358674532682422
0	079960	15.53	0.17271615024537743
0	214260	-24.99	-0.019158972508977266
0	093520	20.67	0.07828406315282126
0	289220	-22.94	-0.15230281861749656
0	068290	5.12	-0.0072585147962032385
0	091580	19.46	0.10321105306989316
0	065660	-2.41	-0.030274148441629303
0	092130	26.02	0.08945705192496241
0	191420	-4.89	-0.007949694334252848
0	001360	-27.54	-0.17879116433136932
0	063080	-3.17	-0.0
0	023600	10.17	0.22722568230073759
0	060570	-1.74	-0.018837437329191537
0	078940	-63.99	-0.052897600049991764
0	273640	11.25	0.04063926649916967
0	389470	-154.94	-0.09472774948773009
0	156100	-7.84	0.011525927314159839
0	004970	5.76	0.08325139298590627
0	000970	4.9	0.095633393324536
0	094280	21.45	0.07664648016608654
0	080420	-2.09	0.02231113444959832
0	094820	7.48	0.06385956589242062
0	396270	-77.22	-0.12389607905252649
0	147830	9.73	0.03848797250859107
0	009300	11.22	0.13473727664429647
0	215090	-47.42	-0.01887646197214825
0	220260	4.65	0.018550130527447865
0	015230	13.47	0.23479728088555818
0	109740	2.47	-0.058757431755060256
0	317870	-16.08	-0.0012019042971684337
0	025820	0.52	0.03184672508417605
0	356860	5.92	0.02830144104701901
0	008040	4.53	0.13567282252808555
0	004310	7.15	0.034023668639053255
0	049720	27.72	0.07491558618770636
0	036560	8.63	0.10372900796668703
0	067990	3.01	0.03352036102305991
0	006910	5.26	0.024474239564981515
0	011330	-4.69	0.0272451754967836
0	362320	-3.71	0.03068629577486854
0	139990	-15.8	-0.014511133443466651
0	032860	-8.55	-0.025456656042755547
0	065650	-5.77	-0.01989692961908063
0	039610	9.55	0.05450033817459837
0	217950	8.19	0.03563070953385837
0	950190	16.81	0.2833200139063847
0	125210	20.89	0.05086251452941485
0	264660	12.56	0.06882086449193457
0	051160	13.65	0.13260674564077854
0	046210	-10.11	-0.012056878323491069
0	037460	9.62	0.1291861147728051
0	418470	44.55	0.06500684197011736
0	002900	16.8	0.1533483399551084
0	294570	10.09	0.07698808685474089
0	010820	7.77	0.007736277360273237
0	012860	4.77	0.04095278296551222
0	203650	23.47	0.07595333408906521
0	164060	-8.69	0.008282337796330214
0	014280	10.09	0.0868364829714537
0	382900	1.48	0.011342093291066753
0	009070	10.26	0.07224185316058107
0	002620	-4.94	0.03391834100697749
0	010580	1.03	0.07657657875514212
0	024090	-4.05	0.05331427299251257
0	002170	5.1	0.118
0	260870	-64.96	-0.5059085307894781
0	115180	-54.44	-0.22121235814280782
0	310200	14.5	0.1192816216622741
0	175140	-33.67	-0.07438995586815868
0	039560	-27.66	-0.0062850099225802815
0	160980	7.02	0.03838389736037722
0	023900	5.59	0.07734821239686905
0	210540	10.9	0.17481859079648987
0	031440	6.45	0.04333028273423468
0	033530	0.99	0.05993489407569902
0	006890	11.27	0.11548685127358126
0	000700	3.04	0.14701194030979195
0	008970	-1.78	0.012510373658703132
0	290670	-10.98	0.000608956878789082
0	065450	-7.18	-0.02458592091812748
0	272110	24.26	0.08631080059651489
0	419050	8.69	0.0023974880353359596
0	012610	-4.58	-0.005422652371108976
0	073490	7.3	0.05468449699819276
0	007540	3.06	0.028845044421368406
0	042520	-48.64	-0.022048517237215796
0	061250	2.21	0.020577641772826807
0	348150	-22.66	-0.10402253454222887
0	274090	-3.83	0.0040560857510608915
0	288330	-118.94	-0.3985043922501476
0	251370	-2.33	-0.013841419548306035
0	149980	12.45	0.037149706307038816
0	038390	8.38	0.05776303219236507
0	285490	21.01	0.17941242431038348
0	315640	-36.28	-0.04879110213419563
0	277880	-6.86	0.005397247684337868
0	038110	23.5	0.0816430621143856
0	089470	6.86	0.08083262502725039
0	282720	23.15	0.029395663705896868
0	053280	-1.8	0.016411997736276173
0	389500	-65.4	-0.03176989518771186
0	183490	-4.72	-0.13010982389526912
0	043610	8.2	0.0556581375992043
0	004080	8.36	0.07328833172613308
0	445180	19.82	0.08940969414829618
0	104460	5.21	0.026823332162371004
0	086710	14.27	0.09070816789128673
0	072870	7.06	0.03800267721552776
0	003830	1.46	0.008815180916896351
0	259630	30.64	0.06373687200446702
0	067000	7.96	0.05626467684875167
0	004140	10.97	0.06550039735667192
0	013580	7.07	0.05118905691800737
0	024900	13.84	0.04609320370271531
0	208370	11.02	0.02575878552165795
0	246710	-38.09	-0.0661080415695694
0	205100	10.52	0.03469594358535872
0	228670	-1.76	0.03751792764553125
0	040350	-31.48	-0.045918627079713566
0	003720	15.15	0.0681843176069504
0	013990	8.08	0.09836794541835295
0	119830	-5.21	-0.036728356362182815
0	289860	20.91	0.012060207571247561
0	950220	-54.9	-0.3734705616430996
0	104480	-0.94	-0.06270850639615497
0	006490	-59.52	0.0036716930339051753
0	078140	3.52	0.022511778992150025
0	090850	-0.59	0.07946064717961597
0	107600	-1.86	-0.030042623738822917
0	002990	-7.64	-0.01213624126597773
0	269620	-306.59	-0.019647615175417153
0	047820	-15.17	-0.0022564602456833912
0	014530	7.41	0.08406940304206949
0	038540	-8.94	-0.01079906887256893
0	040910	-26.35	-0.1852575802471595
0	264450	16.81	0.1750561839804275
0	016710	34.23	0.012462487600759523
0	370090	17.2	0.051991287993175275
0	049520	7.37	0.14591680990833505
0	248170	4.5	0.03780426648150291
0	219130	-4.73	-0.02117035167368703
0	001020	8.54	0.13072253011311846
0	014580	12.81	0.1980665885546703
0	060560	15.46	0.14116354603965495
0	020120	-14.41	-0.023030928820187136
0	007330	5.05	0.007305384851935474
0	357230	10.98	0.1306830263681685
0	056090	2.76	-0.01796767615060506
0	009270	2.63	0.057104665208086616
0	417500	13.13	0.05858885191037986
0	251120	10.01	0.03861886577935961
0	088390	-6.84	0.02244453559175238
0	099440	18.37	0.10487114803804316
0	049960	5.73	0.016877637130801686
0	074610	-81.19	-0.13167852544734335
0	018000	-41.43	-0.08019658835202492
0	033290	10.62	0.0537318268886745
0	388870	-38.5	-0.0821428850272877
0	003610	-2.1	-0.02618137884550975
0	195990	-19.61	-1.6523308191617796
0	267320	16.39	-0.01061581304114963
0	013570	5.26	0.08423790184202806
0	388050	9.3	0.021315109577781075
0	054670	11.81	0.10037469660680134
0	040300	-1.68	-0.04787891268533773
0	003460	1.46	-0.0011456543069470243
0	017370	21.77	0.06209549017564757
0	261200	9.03	0.0016127931916903088
0	011150	5.77	0.020721879525014086
0	066620	15.51	0.13026434817569604
0	002780	18.4	0.1441547603571264
0	054620	6.27	-0.07168012904273038
0	033180	-14.33	-0.017259047180870693
0	085670	26.77	0.09049993652607191
0	368770	7.59	0.031879719337023285
0	037070	0.74	-0.008241758241758242
0	228850	5.67	0.08101185229322844
0	039340	6.24	0.033805653456088616
0	100700	11.59	0.13111752474940258
0	178780	-66.79	-0.006489358173635036
0	353810	27.57	0.0909022872780572
0	261780	-5.09	-0.053541018945824186
0	065510	9.34	0.08135711606882415
0	108380	5.47	0.05647857349347589
0	044340	4.86	0.024204512190267424
0	012700	2.12	-0.022167264556105536
0	045660	5.31	0.0068731881512345775
0	000440	-0.43	-0.005639059736734857
0	230240	1.06	-0.04021667595959143
0	067900	10.72	0.14704064150343535
0	007110	2.96	0.03678248653399165
0	138080	-26.11	-0.19748258597286908
0	376190	0.59	-0.007737651411769672
0	253840	-13.63	-0.16988217106732273
0	066700	18.77	0.05920183574685438
0	382800	21.5	0.14600415936330058
0	207760	-18.16	0.004329179477378732
0	180400	-99.67	-0.06806066533968994
0	063170	-6.62	-0.01819581714555458
0	105550	-34.34	-0.038944468595423935
0	054050	4.08	0.04958899913185821
0	013310	19.21	0.10239699964830476
0	151910	-20.73	-0.018775398582289077
0	005710	8.28	0.20535728085773178
0	900250	2.01	0.42067748646754555
0	023450	11.69	0.04945054945054945
0	010100	15.26	0.09502615021903688
0	011690	-0.37	0.036766790377240816
0	092460	55.21	0.03155578800354126
0	012690	11.51	0.05536558770635234
0	019550	6.83	0.19623333121940018
0	002720	-10.58	-0.011267580242072694
0	026150	-2.17	0.012200201996304411
0	419080	0.66	-0.017601150880585576
0	260930	4.65	0.04623227647729374
0	140670	-15.24	-0.020750161121758898
0	002210	-5.02	0.0035523223633079676
0	214330	-6.45	0.07305135510263715
0	418420	-49.02	-0.01708746822556157
0	124560	12.46	0.11742872007375958
0	120030	9.22	0.08259581504147713
0	396690	-0.81	0.01032719068470307
0	214610	-94.28	-0.15854697094990436
0	084730	11.34	0.15522290397878755
0	123690	14.57	0.023071676703590283
0	012800	-8.31	-0.01596185617542032
0	021080	11.66	0.1768901569186876
0	072770	-13.85	-0.014570489156787674
0	069510	14.67	0.10934178909835694
0	356680	0.94	0.03282534510546283
0	333620	3.96	0.07508852744851494
0	019440	-0.82	0.020861878371076722
0	011700	-2.15	-0.05649663872463232
0	332570	26.65	0.04262835514295452
0	137950	13.3	0.13148662605968858
0	015590	12.19	0.1393369333388348
0	262260	18.88	0.054569356243544094
0	215360	19.49	0.06335524951089747
0	014160	4.64	0.10140079257051923
0	058850	7.83	0.05700230661205419
0	066590	13.15	0.03169473203745397
0	284620	-80.48	-0.15710230043589343
0	008260	23.77	0.2236011486836945
0	241690	7.51	0.05987955385320202
0	017550	10.75	0.09485310126234266
0	052330	2.48	0.020676709947758998
0	311690	-37.83	-0.24468188496521287
0	012600	-3.48	0.0051540217553319905
0	200350	-18.09	-0.09460103408632926
0	186230	10.23	0.037800389158104776
0	000230	-234.71	-0.09812250718291268
0	005990	13.77	0.12401827166326125
0	019010	4.45	0.024795237158358015
0	257370	-12.39	-0.008557216035787211
0	017900	-0.42	-0.04159702945780617
0	033230	-0.38	0.02175763397446177
0	059270	-1.93	-0.014775952236241865
0	058630	21.13	0.15299165484393126
0	014710	-10.11	-0.17428012043757932
0	077500	6.91	0.09894694261222839
0	018120	8.11	0.06581167817666878
0	124500	1.06	0.05140578472497838
0	159010	17.05	0.0697621536588652
0	000180	-4.1	-0.061045706667878515
0	350520	3.11	0.21191964424959778
0	001380	15.39	0.044727677568202256
0	004100	0.06	0.04592921315189226
0	162300	9.56	0.058984096199188665
0	267290	7.51	0.04505230923331954
0	140070	3.11	0.0493754574351273
0	419530	-38.3	-0.08978507697199828
0	061040	1.74	0.01747214904497932
0	384470	-202.85	-0.1107390363621564
0	034590	8.51	0.05124820437162713
0	424960	-33.69	-0.051214601700248906
0	232530	-169.22	-0.056935375760540155
0	163560	4.42	0.05386045816772226
0	226400	8.28	0.06718928316002645
0	086820	-2.91	-0.03187864691720733
0	060310	5.52	0.012476268447917377
0	120240	8.27	0.08047865779157784
0	122830	25.99	0.024444107284343968
0	053700	10.23	0.06316329492796906
0	131030	8.31	0.07016735598963098
0	170920	-30.9	-0.055166318866012184
0	443250	10.61	0.03952336403903486
0	011560	15.32	0.12255696861857109
0	071200	15.36	0.042067974593844586
0	099750	3.5	0.0017014051054062998
0	039860	-6.61	-0.026673417466141734
0	037950	3.39	0.02820553486075169
0	264900	11.81	0.11836610101563115
0	361390	4.82	0.008799944267019643
0	347890	8.68	0.05015647476650145
0	053050	6.17	0.020931798017663584
0	014790	8.42	0.05596810645286804
0	005960	-2.52	-0.0013648587771390426
0	074430	4.6	0.014567866811238176
0	079980	-33.09	-0.16013239997316217
0	003100	8.56	0.10328231732765589
0	067570	2.7	0.06089850663597666
0	270870	4.68	0.07788855260815382
0	066790	9.66	0.007287639107366236
0	142280	5.31	0.011961282922019147
0	014470	-15.21	-0.0013633071125749756
0	035610	26.51	0.22932177436208526
0	260970	14.24	0.07757445719678986
0	002600	0.23	0.0447401629000803
0	016740	10.42	0.15237944388862804
0	080580	3.13	0.0026001929083118674
0	004150	1.31	0.020939892300898925
0	160600	-2.52	0.004108942445529548
0	238090	-10.48	-0.03694487842161387
0	005870	11.69	0.09996660885455962
0	372910	7.7	0.05864314051185432
0	036630	13.95	-0.03543667123914038
0	048910	3.43	0.053701574196157835
0	041930	9.76	0.08545994065281899
0	413630	16.53	0.058103734811234105
0	900340	8.91	0.22050804691031928
0	142210	18.64	0.13317221650027036
0	448710	26.63	0.06664894410652925
0	256940	7.13	0.019946037603814297
0	064240	-11.12	-0.0876364325270352
0	311320	4.49	0.007807467842991821
0	024840	0.06	0.039305134603582904
0	002700	1.29	0.017503705534461646
0	294140	-63.7	-0.12158370570508158
0	291230	-7.86	-0.03048848318148146
0	089850	22.58	0.1680556171301256
0	035000	9.09	0.05830824974271484
0	027050	2.11	0.00804289544235925
0	042510	11.66	0.011086398675663162
0	093920	7.17	0.08137358613394091
0	019590	30.12	0.3185538332671599
0	003480	2.22	0.027222424202476243
0	008700	6.91	0.05689921952732789
0	255440	-2.17	-0.03694480172956405
0	042500	14.25	0.10694632803391314
0	330350	9.18	0.05555719648540955
0	263600	-8.1	-0.049903670793044946
0	185490	-32.48	-0.25966435268359755
0	225190	2.19	-0.010144475779602964
0	041590	-70.27	-0.31876395865642543
0	021320	2.31	0.022871555366854694
0	417790	15.59	0.10526315789473684
0	012210	1.75	0.033215234720992026
0	300080	-82.98	-0.04773813889776569
0	119850	9.7	0.06923867793402359
0	023800	6.86	0.0398918461429137
0	382480	9.83	0.03743082471668817
0	004830	6.66	0.037692898953467745
0	333430	10.74	0.03987115448357151
0	086960	1.29	0.06240266887177137
0	072020	6.15	0.05983303847042137
0	053580	5.43	0.12056288965133914
0	388790	-27.51	-0.019979689218788444
0	040420	10.38	0.10557305569622424
0	095190	-2.87	0.004145663029592042
0	041920	9.33	0.10350143140277471
0	263050	-37.41	-0.3219328763470946
0	366030	16.03	0.10251039162484243
0	111710	10.14	0.10669473280655072
0	004890	-0.26	-0.027117768595041322
0	023000	7.02	0.11636107193229901
0	226440	-20.03	-0.1112310135216218
0	302550	2.62	-0.023830529110059576
0	226330	-36.36	-0.10759893415820017
0	001540	0.84	0.0282246714841938
0	293580	2.07	0.023409918726380558
0	065710	17.04	0.12172170672559246
0	024880	12.96	0.09402318788844435
0	004840	4.13	0.06451023487311576
0	198440	-15.72	-0.24092551255502068
0	058400	3.97	0.12782230604012781
0	054800	8.19	0.10019336647290569
0	034300	-79.12	-0.16011868221812975
0	227840	11.96	0.14836929450638486
0	302430	13.03	0.07049418573412602
0	289080	5.91	0.06860528056369061
0	043650	-1.71	0.041978559590617616
0	309960	6.12	0.09814346056843999
0	004720	2.63	0.046449710786745806
0	002800	7.67	0.03925253491234941
0	002200	6.6	0.16439339554917445
0	032560	7.0	0.14496338808628537
0	393210	15.48	0.029049141706796844
0	234300	20.97	0.09865273251626948
0	145210	-53.73	-0.06143078582889502
0	043260	19.22	0.11184616255600352
0	206400	-10.52	-0.057847940902543575
0	086670	14.82	0.07878160177937757
0	059210	15.43	0.07497284511577139
0	066410	4.32	-0.034906075947264956
0	300120	-16.32	-0.09456206772995324
0	244920	11.44	0.08007821898068755
0	391710	9.63	0.01651345998362048
0	006090	9.51	0.09315351390484786
0	054040	16.12	0.19835530118293934
0	950200	-12.63	-0.033814018390317474
0	010040	-6.91	-0.036853687665979795
0	013520	2.12	0.08185497397323231
0	002450	1.31	0.02015051948240731
0	054780	-9.16	-0.01356420208129117
0	170030	9.36	0.0886986411828943
0	411080	2.06	-0.00910510477699322
0	006660	5.25	0.04044399113887134
0	083500	2.81	0.01724587952823372
0	239890	14.35	0.05861660483967548
0	036710	-54.51	-0.21477854411275926
0	007280	13.2	0.11873775689465972
0	064850	13.53	0.047138609148290336
0	109820	-3.78	-0.02707906273948046
0	038460	17.18	0.047706728131826255
0	187870	5.27	0.03187645575325548
0	041910	3.3	0.05984360720101513
0	047400	-24.47	-0.02392100977198697
0	090470	5.53	0.12860565445645428
0	101140	14.9	-0.06782556489943875
0	033310	2.3	0.027900046340233214
0	175250	-42.49	-0.125132843396908
0	055490	5.39	0.04818059840303217
0	173130	25.71	0.08379707031076981
0	432430	-28.12	-0.056418646875689205
0	408920	10.33	0.11034778468940251
0	263690	12.02	0.07374805735934055
0	348350	5.63	0.021960099962375027
0	093190	6.2	0.08602417094205254
0	002460	5.32	0.050298452321073266
0	066980	0.73	0.006535558538519333
0	078000	4.76	0.028112222116541092
0	307870	-81.66	-0.03245964940981865
0	091440	-29.61	-0.03894584798314652
0	232680	8.24	0.01929024253236131
0	036120	1.61	0.0050034398649071235
0	032850	8.61	0.06357331885228831
0	322180	-33.95	-0.02721173392882155
0	036580	-14.01	0.03310144805699754
0	102370	-4.14	-0.02538676893585495
0	014200	11.72	0.07436473106188074
0	403490	4.44	0.03297070087758308
0	012790	10.57	0.13632787242827205
0	033170	-12.38	-0.1799172092969699
0	159580	1.2	0.025915593700054383
0	053260	3.61	0.04976899673214889
0	073560	0.61	0.01642485800281782
0	408900	8.66	0.009775183806039499
0	058860	6.94	0.06482476222435325
0	017510	1.75	0.01542675925660651
0	009200	0.84	0.03995343621472801
0	340360	-10.34	-0.008513604171893072
0	007820	-31.37	-0.16658939754184937
0	217730	-45.08	-0.23217733460419873
0	009780	13.03	0.15428883912296235
0	288620	0.14	0.0072101865515600445
0	172670	5.91	0.027963056807235244
0	067370	17.74	0.05064449995860787
0	105330	2.02	0.04822271475336864
0	073570	-120.58	-0.07023863161924217
0	226340	-2.39	0.14231900138883136
0	122310	13.62	0.11602091059374244
0	004650	-2.99	0.09893142541143107
0	005740	6.82	0.1024700979986493
0	123420	2.0	-0.0016228642092715854
0	365270	-26.32	-0.09634861682384491
0	052790	15.0	0.22101536020265025
0	067830	2.9	0.06987101714955532
0	004910	2.76	0.01280117355623521
0	294630	-118.97	-0.03930679549828147
0	037350	1.54	0.026493227211085973
0	104540	5.81	0.038959487565311327
0	036640	12.15	0.17304785213997917
0	032940	-1.18	0.06297824895024706
0	004540	-13.62	-0.03937479041127187
0	006140	4.97	0.052296819787985865
0	263860	16.73	0.07217568108946906
0	067290	-102.71	0.04977818396775895
0	168360	24.34	0.06511584832927203
0	027830	3.02	0.03393665158371041
0	331380	11.31	0.026661061007685564
0	049430	7.63	0.10297049277559023
0	265560	10.2	0.04724232383101232
0	115160	-24.96	0.017236591220927005
0	241520	14.82	0.1617960358491939
0	011320	5.55	0.04398458534194302
0	033340	5.06	0.021899532424767776
0	044820	3.4	0.028530420631618314
0	357580	-3.84	0.005130086159797054
0	059120	1.14	-0.010396679531594932
0	216050	11.47	0.0703667593683567
0	153710	-9.0	-0.02785127419579446
0	036670	10.75	0.11000959112745946
0	105740	9.41	0.08450728635430053
0	317850	-0.52	-0.004050493451364713
0	020710	6.49	0.046470653450412826
0	250060	-1.68	-0.06345443090820423
0	000220	-6.27	0.0027899652760921736
0	127980	12.23	0.030351453598168352
0	218150	1.04	0.0
0	306620	-11.92	0.011663167716351761
0	109860	0.2	0.13481777855092633
0	351330	-0.96	0.0009239750552606382
0	263540	-668.28	-0.10532605303905036
0	251630	2.75	0.013515687895464805
0	223250	7.2	0.015354491054281582
0	217190	9.0	0.031112655988918363
0	011370	2.14	0.03176891532541074
0	036090	-18.81	0.03739251672658228
0	004960	4.27	0.008492646925703989
0	053450	8.56	0.05825966043240398
0	141000	0.97	-0.016975970513737806
0	007590	7.84	0.0957533393977115
0	092780	6.26	0.04091759774198852
0	010960	6.77	0.0608254887762491
0	340930	-19.46	-0.05520005867602277
0	101170	5.73	0.026689441656880537
0	338100	12.16	0.1713747872877396
0	208140	30.34	0.23281366894572608
0	016090	9.25	0.20142091962210257
0	003780	15.7	0.06903442637841765
0	241770	-1.25	-0.09595563914357899
0	369370	-31.02	-0.09821065640183436
0	339950	18.62	0.09822621814069983
0	203690	-108.98	-0.04059411173952111
0	023440	-38.79	-0.07495572927239848
0	005800	1.38	0.019187162044304904
0	049180	-97.63	-0.11123158845752984
0	241820	-60.61	-0.21641808629874168
0	407400	-10.37	-0.027249092972018742
0	307930	-7.65	-0.06357667092206518
0	104620	16.22	0.04710514610874379
0	009190	-36.88	-0.023389245793186866
0	096630	-1.7	0.04083003354784395
0	053980	28.45	0.056570288853282524
0	001560	11.61	0.08846584546472565
0	451220	1.87	0.021252008978973794
0	065530	3.1	0.023546300145499896
0	027580	0.68	0.021308305302026098
0	200230	14.75	0.009675243205379049
0	352700	2.01	-0.009161851568319208
0	101330	5.11	0.0582238589339054
0	126880	3.33	0.01645068950958589
0	038680	15.42	0.06252384526135363
0	361570	-4.72	-0.013439538266336216
0	016880	-14.77	0.02559575116381138
0	376930	-60.02	-0.21201616774719192
0	123840	-58.94	-0.2376040819023533
0	383930	-42.66	-0.11715905746022401
0	050110	-15.3	0.031035901755412196
0	222810	-96.38	-0.1632423385329219
0	017040	8.69	-0.019743823037659283
0	109960	1.74	0.003716181816425078
0	304840	-137.93	-0.19386879725073639
0	128660	21.25	0.046982983781239086
0	103840	-9.56	0.006902781805137974
0	204840	-26.42	-0.0367304753075018
0	024910	7.15	0.05003909661845435
0	078860	-24.75	-0.10246891532261605
0	021820	-1.97	0.0711743772241993
0	158430	13.29	0.11613211537841796
0	234100	2.98	0.05827929162875625
0	033540	-15.31	-0.09562264912090662
0	321370	-130.31	-0.22286647141087476
0	363250	-25.3	-0.11228199564109474
0	352910	1.11	-0.0066298664877486695
0	036010	-2.06	-0.04485120992818749
0	002230	2.97	0.009533037908019319
0	095270	1.04	0.05378214294847103
0	222160	-30.94	-0.0861761161993606
0	048430	13.68	0.057149388501543025
0	006880	8.86	0.039482163227723244
0	086040	-10.17	-0.04822636656614214
0	049550	5.18	0.028548195062905197
0	307180	-173.51	-0.12017654005696368
0	115440	10.03	0.07086319035753731
0	092440	0.69	0.03175328964080679
0	115500	14.69	0.03991020204539786
0	013360	3.33	0.02170431982118019
0	017180	-5.23	0.004771653477180235
0	357250	6.21	0.033046441265458394
0	037440	12.2	0.0513718070495476
0	215100	4.59	0.002539955403463026
0	099220	-8.89	-0.052976461582236824
0	000590	5.97	0.17500265710840635
0	180060	-12.83	0.004083426979925407
0	039240	8.09	0.0827487431084604
0	171120	5.63	0.07706950899015823
0	347000	-2.88	0.0247213788236669
0	396300	9.48	0.01869497834186759
0	010470	8.77	0.0658258582316045
0	013870	4.44	0.05457932166487491
0	080000	5.05	0.041822196833567124
0	024800	14.47	0.009293950939091782
0	317770	-7.2	-0.06100437604724179
0	041650	7.11	0.06558963947008961
0	308080	-22.19	-0.2625111714175747
0	900100	-62.89	-0.13454778544230306
0	065130	6.74	0.07312692396436081
0	043910	6.18	0.06633694355687252
0	130580	13.86	0.1676363277783256
0	256630	-8.81	-0.09186294938002411
0	010170	-32.45	-0.11724646179110901
0	023810	9.49	0.058486809357889497
0	088130	-3.98	0.012618987733483536
0	007370	15.15	0.09232480556497404
0	069460	4.16	0.08975244992133839
0	442900	2.94	-0.0012076011245181672
0	189980	9.32	0.05981843971845239
0	224110	11.12	0.10195866569210071
0	136410	5.37	0.054530037416694
0	204610	5.78	0.08035941807092987
0	378850	23.6	0.08266589075109838
0	032540	5.49	0.05712209112551193
0	038880	-19.82	-0.10288007733354206
0	187420	-12.85	-0.07128548056581463
0	078890	-9.55	-0.04942025853018503
0	033830	5.0	0.12275449101796407
0	068330	11.24	0.08312297856982358
0	155650	12.42	0.14161892480581847
0	004060	-0.42	0.05202361004836028
0	336060	22.76	0.06054908762022853
0	094970	19.94	0.11386382901591956
0	041520	-4.1	-0.17107581246847178
0	065950	-6.3	0.021894829645453372
0	094850	8.93	0.050640924196866596
0	223310	-5.69	0.005673243847367048
0	347740	6.64	0.022354475557616427
0	311390	-11.46	0.003621181449073696
0	355150	-64.48	-0.01634202603410455
0	011300	-158.55	-0.06852115362214238
0	054930	16.98	0.10841232227488151
0	017480	5.43	0.10540546957674868
0	090410	23.52	0.21673553507038937
0	038070	-0.14	0.025550814232907323
0	205500	-40.09	-0.28838775720627596
0	037370	-12.79	-0.07962234678573157
0	064480	6.99	0.04654625151399995
0	052710	-0.6	-0.011718661881155775
0	212560	11.65	0.07572241183162685
0	043220	0.08	-0.06166748889985199
0	075180	1.45	-0.0840076048989698
0	031820	2.55	0.04687712870364588
0	087260	4.47	0.005616057656694326
0	049480	6.6	0.04968842721146062
0	007980	2.96	0.07740227561393913
0	101000	27.62	0.17146560620170648
0	241790	13.08	0.08847691906603765
0	241840	8.13	0.06857947068575496
0	377480	-24.18	-0.037354464849879594
0	106080	-81.98	-0.05593493044189049
0	072990	10.21	0.08764913183929729
0	080530	-25.04	-0.010180936105514
0	201490	6.17	0.2413989604989378
0	008830	3.43	0.03574517660765035
0	071090	0.88	0.01858126977402334
0	160550	-9.94	-0.024761455434133536
0	234920	-28.37	-0.10181439096094178
0	069920	-30.9	-0.2686115376991662
0	082210	27.87	0.032675462350280654
0	263800	4.96	0.011925231367835047
0	066310	3.31	-0.05818212445655125
0	081150	-1.41	-0.01099492488927011
0	389140	-39.65	-0.18077527083019101
0	250000	11.8	0.14916787101693318
0	025550	-1.99	0.027550367203178557
0	054920	0.64	-0.01985961871041407
0	260660	3.45	0.021037277580837944
0	102280	-20.71	-0.013174036398281684
0	084180	-12.31	-0.049172435113014085
0	317830	-1.54	-0.0029657685067414883
0	000910	5.83	-0.0074285358140482975
0	314130	-59.43	-0.3132995962927162
0	368600	-17.95	0.09498202821298675
0	052770	-47.93	-0.10730576680700961
0	044060	-46.08	-0.049430731963951785
0	001260	5.44	0.015081847432311968
0	018500	18.63	0.08521395194429596
0	057680	-29.38	-0.07321238081498323
0	142760	29.3	-0.09132255697890931
0	037330	8.29	0.03616913950752388
0	237820	3.6	0.021262321940811138
0	050960	6.74	0.08193074205303315
0	014440	3.7	0.0938337801608579
0	071670	1.89	0.015751211631663976
0	066130	6.04	0.05991554760908434
0	009180	16.82	0.14561869340941974
0	041460	4.74	0.03981505265861803
0	198080	3.58	0.035493557468130245
0	064520	8.26	-0.06213259786747116
0	225220	-6.05	-0.08334502315759076
0	150900	13.23	0.050710412849484826
0	192250	5.84	0.03092778596453055
0	321260	15.18	0.03562205980998645
0	001620	4.12	0.010241725804174278
0	254120	-20.85	0.00950850648818883
0	004450	-5.9	0.04503546053000863
0	377030	-41.51	-0.19435463395336583
0	094840	19.45	-0.03241807112957047
0	359090	14.21	0.06440158668889837
0	246960	-31.47	-0.05307436581108578
0	066670	2.29	0.03127987227802552
0	271830	13.3	0.12379798461466157
0	246720	-41.95	-0.042290397824206016
0	318000	11.91	0.06148566526059913
0	330730	7.08	0.09397498474007768
0	320000	6.64	0.00696044622028629
0	042110	4.02	0.06436169011539938
0	129260	5.25	0.10590331800620705
0	115310	6.87	0.10501896400138411
0	417970	1.72	0.0034183978857892754
0	039020	-4.35	0.006846525241346701
0	085310	41.19	-0.012229591094393977
0	306040	9.93	0.11819652367138665
0	189690	7.66	0.07971905777592721
0	003010	6.64	0.045685255997331975
0	222040	-2.89	0.05790083577579443
0	111110	12.11	0.15923748924126194
0	058730	9.8	0.10036692362978182
0	046120	-4.01	-0.04281321024502199
0	127120	-20.66	-0.06328140113263407
0	196300	-75.93	-0.09202411856002857
0	097780	6.59	-0.2987780444821375
0	051490	9.22	0.052745995987360676
0	236810	-9.85	-0.03752050436937999
0	002760	1.77	0.007975690096585608
0	017650	7.37	0.19671539433315285
0	009770	6.39	0.1034965034965035
0	006370	-13.83	-0.05366540013953004
0	001840	-2.93	-0.00963561603997204
0	052220	3.63	0.01785980056556035
0	263700	-31.96	-0.08149678684866678
0	239610	-1.33	-0.07150733817432942
0	220180	3.15	-0.015995700355744377
0	063440	8.67	0.056248957050588015
0	353590	-3.78	-0.02953741039615575
0	363260	-2.28	-0.016993043405777956
0	214870	-1464.69	-0.17051465554794945
0	002140	3.18	0.03799260108341126
0	027740	-3.23	0.014955796715209422
0	155660	8.42	0.1337958374628345
0	053270	19.63	0.11113691531443698
0	217500	4.89	0.023929115411131168
0	290090	4.5	0.02748877908037939
0	024740	6.46	0.08346512494866483
0	004780	9.6	0.14177943736466198
0	010640	11.64	0.05102040816326531
0	265740	6.23	0.04953856637805417
0	246250	14.22	0.015516462345890495
0	000850	3.06	0.026884862653419054
0	417840	-6.81	0.041667013891782435
0	192410	-26.98	-0.22407575342176855
0	044960	6.74	0.04696650462748161
0	015710	2.49	0.025793412145330402
0	000890	-4.38	-0.04912315174141573
0	219750	-516.11	-0.18205232423209708
0	277070	6.63	0.05085477909282254
0	010660	0.58	-0.0364741641337386
0	171010	-5.73	-0.030156306166120236
0	032790	-50.71	-0.08874292477663723
0	187660	-10.33	-0.04493120775343191
0	006050	1.61	0.013046224585682711
0	004410	-2.08	0.008650642754290835
0	290740	8.71	0.043355433842605935
0	430690	13.18	0.03705596091451261
0	039420	14.53	0.14484407448126627
0	950110	0.11	0.0012379966016002888
0	013700	3.15	0.03216115924255267
0	004870	2.75	-0.053942929675034126
0	010240	13.77	0.19899033813748065
0	006740	-4.22	-0.025452897834477635
0	073640	-3.64	-0.04873708428972899
0	357430	-9.38	-0.12964299255164316
0	227610	-1.35	0.002601208334105025
0	327260	-1.53	-0.0
0	168330	-13.13	-0.07788783392034164
0	096350	8.27	0.04030830672145334
0	033320	-2.53	-0.06255859981341898
0	060850	8.54	0.03998850537307621
0	003560	43.12	-0.17538377800848695
0	039830	5.41	0.06455975893386014
0	347770	4.81	0.03339466177340682
0	122350	5.45	0.01617941182166937
0	277410	8.52	0.0685028655469741
0	089790	9.6	0.0347238298069355
0	001550	-15.89	-0.05494018191479092
0	023770	-21.71	-0.08862748257664263
0	014970	3.37	0.012215994044702904
0	021050	-7.81	0.0031135145367658583
0	087600	-0.51	-0.07979481333713309
0	101240	4.83	0.0702062603764853
0	163730	9.57	0.053398650948028106
0	033130	4.1	0.04127375691652017
0	054540	9.32	0.06202512017367034
0	038010	26.24	0.2619013167414267
0	053290	1.25	0.015239480117604454
0	000650	-21.08	-0.05695342717248011
0	005750	-2.98	0.017730790893604183
0	002360	-2.8	-0.11420157279520216
0	226360	-2.75	-0.11712360053564527
0	069730	6.84	0.1937409312755573
0	024950	5.49	-0.03748612567086777
0	046390	-2.17	-0.022723000114675408
0	052670	-4.51	-0.04133228845308124
0	019180	28.65	0.12816700368740336
0	072470	6.05	0.06389902873476323
0	012170	-88.87	-0.3378737610713353
0	053350	-0.26	-0.060592892799919675
0	014190	4.86	0.07183447285041754
0	067170	-14.94	-0.019669368354764113
0	314140	5.61	0.05522302739999277
0	100220	-6.53	-0.02465922649618581
0	123570	4.5	0.0453672775391023
0	229500	-1881.72	-0.1335188903553143
0	049080	-19.35	-0.2511597674745845
0	002920	3.3	0.052781025643529364
0	347700	-121.47	-0.16356015947115546
0	100030	10.44	0.05552756446750235
0	025750	-9.72	-0.014162469012011998
0	038870	3.16	-0.03479204792952523
0	170790	13.81	0.13072427055857028
0	033560	-1.73	-0.11493652369259705
0	008250	-2.85	0.03560468811232238
0	242040	-7.95	-0.007090795509257388
0	114450	-36.93	-0.08013937282229965
0	009730	0.29	0.014971297253475097
0	276730	-52.4	-1.1619309179254251
0	014570	-6.08	0.2706766917293233
0	036170	7.15	0.0
0	256150	9.67	0.08501079800616983
0	092300	10.78	0.09133115553426394
0	002630	16.45	-0.0509644296311611
0	214270	-24.56	-0.0380424617276984
0	009810	-57.4	-0.019032873799236124
0	377220	-13.46	-0.19291875427098945
0	052900	3.9	0.07413824993311081
0	450520	15.43	0.0773274732987863
0	219420	2.93	0.02313040260117899
0	019540	29.93	0.07749251217655824
0	004770	5.01	0.022011295854634662
0	019990	-2.07	-0.015168481378835181
0	056730	18.08	0.01585346047573769
0	022220	5.61	0.08937939215919283
0	008870	-8.14	0.025991189427312777
0	069540	-37.53	-0.20325470461123515
0	039290	9.09	-0.028594920970137286
0	049630	1.94	0.03324463551500937
0	303030	-30.88	-0.0895499318927993
0	007680	-18.38	-0.26028087449847204
0	007720	-0.04	-0.025739031955008172
0	118000	-14.18	8.500607459139795
0	099520	-22.96	-0.11445788272478852
0	376290	0.91	0.023654253093841907
0	097870	1.75	0.055893285010156404
0	089530	-46.23	-1.0289440628591282
0	009320	0.86	0.020054085869590284
0	290720	-56.59	-0.12398488679953458
0	081580	-0.15	-0.04900109631786162
0	245620	-94.13	-0.054784820233666
0	068050	9.89	0.05956809072761746
0	129920	3.94	0.03818392550727345
0	062860	-12.69	-0.18476713852413132
0	011390	3.74	0.04608436511106333
0	067920	11.97	0.08168623314684031
0	037230	4.68	0.053100711055568045
0	066900	-4.1	-0.047245305651431174
0	227950	10.34	-0.03488363553577592
0	057030	10.04	0.0646122750400121
0	290380	-23.08	-0.007469130085357219
0	008370	7.52	0.07955724662746454
0	004590	6.53	0.12243890397432733
0	355390	-102.83	-0.02269062965236695
0	090080	8.57	0.04156889159498174
0	122690	10.22	0.07165879785744467
0	303530	2.62	0.008861281075405071
0	104200	-7.1	0.01131213081800563
0	100590	4.22	0.05712576937627404
0	004440	0.76	0.040193100019601864
0	025560	-39.27	-0.26156713389531905
0	094940	7.32	0.02968642850547113
0	021880	8.05	-0.8689551037168638
0	204020	11.72	0.1747833591755516
0	016100	0.54	-0.05245506796468969
0	373200	-87.59	-0.04527676684139093
0	419120	5.84	0.04437097174963616
0	011420	4.95	0.08048853038442022
0	053620	4.15	0.07545680388196234
0	011230	-32.47	-0.0601606023375763
0	134790	3.81	-0.02237926972909305
0	014990	-4.27	-0.02875138883850001
0	307280	18.61	0.11464996807644304
0	042040	4.87	-0.1666587417561535
0	216400	-24.13	-0.04220152790233643
0	196450	-31.0	-0.14101251323348202
0	099390	14.14	0.09297174199969709
0	405000	-215.41	-0.3198905539502795
0	007530	2.2	0.03023118652080647
0	037030	-0.21	0.08281951213708286
0	016250	4.82	0.01790145065240763
0	032680	-18.91	-0.019744082839402193
0	016600	5.38	26.245013447444894
0	091090	-9.66	-0.031378786448582385
0	217480	-19.57	-0.44398688948845483
0	002220	0.0	0.02463192241849284
0	023350	8.74	0.014617719233812249
0	040610	6.06	0.02926683276764936
0	083660	-54.53	-0.09328272223901048
0	004920	-15.1	-0.10911045229571158
0	066910	-58.45	-0.14692587153643136
0	406820	-25.49	-0.06655543544057298
0	073110	-14.57	-0.06915709403820818
0	238490	8.58	0.07529961319777642
0	039010	-1.41	-0.0091885372997186
0	003080	0.95	0.0025888593615096154
0	020760	-54.83	-0.06975343034291659
0	308170	-17.9	0.001902798941130445
0	301300	82.83	-0.09227460923708958
0	007610	-54.71	-0.06293706293706294
0	049120	-35.74	-0.09198679989421518
0	088910	12.8	0.18762273283269776
0	013720	-36.69	0.02194317573269087
0	347860	-124.43	-0.2651113467656416
0	318020	10.91	0.06319820275302362
0	129890	3.17	0.025468392682791864
0	024890	-16.91	-0.053978853396209024
0	070300	-11.61	-0.0013527318690642126
0	069640	-10.17	-0.0191587863195336
0	025530	6.28	0.1332265225185903
0	263920	29.14	0.11069865611831473
0	288980	0.65	-0.005873283209951315
0	013810	-3.71	-0.04895861444732889
0	263770	15.82	0.19361483007209063
0	056700	-17.63	-0.12016629619914393
0	123700	9.59	0.13453867757653035
0	023960	-5.94	0.010368547533631525
0	001290	0.21	0.000531043437213059
0	331920	-22.49	-0.11335652581792598
0	221980	5.43	0.08427135375910431
0	009460	-17.37	-0.052058507696703234
0	239340	-25.73	-0.11053281451844953
0	100660	2.97	0.01062548700148757
0	378800	-51.39	-0.37975890775584203
0	024830	4.24	0.038306340348587695
0	318410	7.9	0.07415506483212529
0	412350	-0.51	-0.11320165508626746
0	102950	3.57	0.02766078801159319
0	418250	-47.17	-0.11272407618169936
0	279600	-40.04	-0.08236969851913269
0	080010	5.23	0.1814903846153846
0	004270	-8.9	-0.03315054016794433
0	071850	-19.6	-0.05033564023761048
0	026940	2.8	0.036585365853658534
0	005670	7.1	0.052135678391959796
0	057540	0.75	0.007640789959879741
0	046970	-11.57	-0.07770012082368788
0	291650	-60.85	-0.20371019719814992
0	098120	14.22	0.13335738571947842
0	046940	1.42	0.01070325999128296
0	096610	-194.16	-0.29397026210422555
0	263020	10.76	0.1165005728418411
0	003310	13.94	0.11402212728210105
0	008420	10.55	-0.038260265229160983
0	038060	4.18	0.035515984843724466
0	148930	9.73	0.06240925737317703
0	083550	-2.8	-0.0834324500003955
0	037760	3.12	0.03591883852550529
0	309930	8.38	0.033203024637434825
0	200780	3.27	0.041855627384462774
0	002880	-141.44	0.11064180460522453
0	012160	-3.5	0.004140755359140772
0	134580	-32.79	-0.06130854227814369
0	050860	7.6	0.14337349397590363
0	240600	6.27	0.04327255942764828
0	405920	-1.85	0.0042531292398382105
0	376180	13.28	0.01844969546010189
0	176590	-20.37	-0.035901897788125504
0	130500	2.82	0.03503700130978747
0	053160	1.25	-0.0
0	075970	0.6	0.027315296566077004
0	018680	9.51	0.01750104349971867
0	145270	11.85	0.18352902720161599
0	010600	-178.39	-0.5877344261004357
0	006980	6.22	0.020594650665947904
0	299170	7.37	0.04950783510998451
0	005360	-5.84	-0.01802286717879558
0	031310	-1.55	0.07344372212783744
0	446070	0.45	-0.06138257053886636
0	388610	15.26	0.014177069830043514
0	043340	-36.42	-0.1345668629100084
0	263810	5.29	0.01712006788677586
0	126640	8.22	0.0698003134980793
0	285800	-5.99	-0.04338160712044009
0	140520	1.69	0.03931920249482409
0	189860	-11.61	-0.05140332547205143
0	133750	-5.0	-0.06556102756656294
0	222110	-30.14	-0.08670221319785218
0	173940	-20.61	-0.0651008875306788
0	417860	-130.18	-0.1118133719153727
0	273060	1.91	0.002103225022152218
0	332370	11.42	0.12429100456283576
0	389030	-24.91	-0.2691794775221011
0	337840	-20.16	-0.06874993807450432
0	045060	8.33	0.150408580485106
0	019770	10.59	0.06947625976065933
0	377330	-4.39	-0.07239950044344694
0	052300	-12.28	-0.007088488292986907
0	162120	17.33	0.023400796452989866
0	082660	-20.25	-0.41459158264277257
0	049800	5.78	0.036458333333333336
0	091590	-7.34	-0.06572363212690635
0	195500	3.16	0.026553439429075766
0	238120	10.76	0.06610233302175098
0	376980	3.61	0.02992834779433688
0	002870	-8.53	-0.06409804026010728
0	060230	-43.66	-5.27551819202886
0	047770	6.02	0.060316847310771284
0	229000	-190.21	-0.19738395761884453
0	085910	-5.68	-0.007014006971922931
0	138070	5.23	0.05936209199135629
0	033200	0.08	-0.047436964629382
0	049830	0.29	0.008390458370740794
0	048770	-16.55	-0.04834577043773283
0	088290	-4.84	0.014892391303538456
0	139670	20.02	0.04486738911821766
0	419540	4.68	0.00633234823102686
0	080520	2.39	-0.07714998621168269
0	440320	4.8	0.024265615156676548
0	448740	3.12	-0.0
0	335810	-13.73	-0.06750872075545071
0	276040	-21.75	-0.14178047455086967
0	096690	-7.63	-1.2608087715354128
0	298060	-106.53	-0.31901253351165315
0	332290	-23.28	-0.022416164276567518
0	014130	-17.84	0.02272371101708196
0	036690	-18.07	-0.06674597966281287
0	051630	-6.45	-0.03802969938428105
0	131100	-25.5	0.1479512240541774
0	032980	-30.91	-0.245871226062946
0	034940	-22.41	-0.10355668479720861
0	056360	0.61	-0.034780738213142245
0	177830	0.19	0.01780974592249796
0	221800	1.8	-0.025475123297147226
0	246690	13.55	0.32709332292734344
0	002820	-82.02	-0.0703264750582266
0	032960	3.53	0.009123858662305463
0	060540	1.62	0.04915799158854468
0	215380	-19.55	-0.041173981849776824
0	036180	-52.02	-0.35619397146064863
0	065170	-0.46	-0.49969514921668745
0	290120	-8.75	0.10059140424167849
0	153460	-4.49	-0.04702510244754462
0	090150	-61.26	0.05388821353204612
0	058110	-27.49	-0.24999085015503478
0	137080	-13.18	-0.12741768148833027
0	006570	-10.58	-0.03645582428292696
0	222980	-9.52	-0.04880018925178156
0	114630	8.1	0.17924581184013097
0	424980	-26.32	-0.20490303695572631
0	088800	-172.22	-0.25445907465675677
0	052600	6.81	0.06349269872445093
0	024120	1.02	0.025906316283738927
0	348030	-6.4	-0.03025027870590114
0	274400	-1.14	-0.003233713402448568
0	111870	17.31	-0.14656459183902004
0	434480	-5.57	0.0
0	435620	3.14	-0.002133087601641624
0	372800	-32.8	-0.08916559946589807
0	208640	-40.9	-0.2979474215909461
0	352770	-92.29	-0.507034740672246
0	143210	-13.54	-0.029533519893968564
0	153490	6.89	0.08809790284704229
0	033250	10.27	0.05433498700685093
0	109080	4.46	0.017338219243516157
0	262840	7.09	0.0700306675965183
0	079170	2.52	0.024858616617985208
0	228340	4.12	0.11138613861386139
0	403360	10.51	0.0
0	189330	-36.35	-0.15946221022943144
0	012280	11.57	0.0590188140991803
0	066360	18.33	0.10885508091975701
0	318010	5.23	0.03463511580792144
0	007770	-13.25	-0.11214239698408532
0	128540	2.33	0.036761070320619024
0	023150	6.85	0.0491866480267488
0	017000	8.45	0.02293099545670406
0	367000	-7.23	-0.09105498122345114
0	024940	4.61	0.046822742474916385
0	438700	-29.99	-0.23292821688296697
0	127710	-13.07	-0.06962018587895871
0	115530	3.42	0.01722086362045547
0	900310	2.16	0.42704594340067925
0	045340	18.58	0.07095805196494673
0	038620	1.81	0.01793768856995109
0	012200	-1.02	-0.027972344961843573
0	028080	-27.64	0.01870982323117569
0	208860	-71.17	-0.07120137124347499
0	010770	8.0	0.03597988981158746
0	018700	-31.01	-0.17491401595215827
0	048470	-3.06	-0.03970223325062035
0	007120	-14.58	0.06098803513856139
0	290660	-28.03	-0.030294306154863886
0	093510	-94.65	-0.05226767020593462
0	098660	6.72	0.049601595848677106
0	038950	2.32	-0.015332535311376412
0	080720	-46.0	-0.05132705103389461
0	434190	-2.67	-0.009581910120245785
0	045520	3.28	0.008686001061622352
0	090370	-9.7	-0.22815009468228933
0	021650	9.93	0.08871963340377895
0	199730	7.72	0.02554288453830254
0	258610	-129.12	-0.04849907060349201
0	290520	-5.6	-0.06816030431122104
0	331520	3.37	0.003980728180275396
0	025880	10.51	0.09258764886936593
0	373170	17.69	0.03870694712286961
0	051390	6.82	0.12358794827369024
0	032580	2.14	0.022231608901536203
0	138360	-4.91	-0.08548642668817852
0	036000	7.08	-0.049821222999572715
0	047080	-64.3	-0.14719249562838288
0	286750	-63.32	-0.05112143246016291
0	072130	2.65	-0.04311919462926476
0	143540	-36.84	-0.18399050542689116
0	247660	-14.3	-0.06519701723646143
0	252500	7.25	0.04997880648710914
0	340810	-77.96	-0.17557865708843287
0	038340	-4.46	-0.18097732345308967
0	417180	9.06	0.029500010641075266
0	169330	12.53	0.049917167215022595
0	065060	-7.49	0.08782955427590736
0	340440	12.24	0.08201536548335661
0	076080	-7.17	0.010378804571365231
0	021040	-7.19	0.012752250772261305
0	010280	9.0	0.05872882794290786
0	131220	10.17	0.12220722008140578
0	001810	-2.86	-0.051006916356189425
0	046310	24.22	0.2369168554843204
0	200580	7.97	0.048379336217914605
0	354390	10.67	0.04554096979495178
0	222420	-14.26	-0.011663197395586815
0	197140	-7.6	-0.022330550202426438
0	032800	-49.41	-0.036277395488718084
0	078590	21.0	0.21319726610039105
0	051380	1.75	0.0413999713963834
0	032750	0.13	0.032046878849051524
0	192390	9.9	0.16746378823111824
0	198940	-40.49	-0.07835659848290563
0	303360	2.34	0.005946739514225715
0	067010	4.75	0.023802439750074383
0	131090	13.36	0.11820951980666176
0	005030	-24.58	0.0018417178166188492
0	037400	3.77	0.06879888017646409
0	187220	-15.98	-0.14407317413873996
0	267790	19.47	0.13717548415885403
0	036480	-1.78	-0.011111111111111112
0	006200	-2.1	-0.1879515822114222
0	117670	-54.02	-0.07069687678872567
0	147760	-11.45	-0.09574806335992599
0	065500	-14.37	0.02549485578822076
0	187270	6.7	0.07409333946241502
0	025440	1.05	0.041116514245300946
0	221840	-15.12	-0.04505257680766031
0	085810	-72.38	-0.12081698053128327
0	312610	-4.69	-0.13679032512057568
0	356890	6.74	0.03191162933415158
0	089150	3.36	0.046203442156440656
0	072950	5.82	0.08276505060076242
0	290270	17.44	0.11581215367237875
0	238200	2.08	-0.005652048585009637
0	002420	-5.81	-0.013737650710614325
0	079000	3.39	-0.0026609898882384245
0	035620	-16.78	-0.09057171128455595
0	002290	5.99	0.07319607102380053
0	000040	-59.28	-0.20113204305142612
0	353190	14.28	0.10647984580535218
0	354200	-61.4	-0.2688946123753729
0	054300	0.55	0.03462684210471642
0	065440	8.57	0.07082554252365572
0	005820	6.29	0.10584391219023015
0	311060	-34.6	-0.03701173945081308
0	169670	-0.16	0.007439507504603194
0	115610	-54.91	-0.05203382107876518
0	343090	-2370.65	-0.08949462385906784
0	203450	7.99	0.031389893474472755
0	000760	-1.53	-0.02221783351436753
0	093240	2.9	0.03295352419487291
0	190650	6.41	0.03784975811609009
0	013000	5.42	0.08603074057591487
0	317120	-43.04	-0.06026504567086045
0	065370	-10.87	-0.057973146838384455
0	210120	-1.4	-0.012495033224293343
0	099410	14.67	0.08793491574800542
0	060240	-37.49	-0.3054768646595768
0	289010	-42.03	-0.21783957406754229
0	439250	2.63	-0.002679499683819037
0	093380	7.83	0.10741008768691034
0	011090	-47.3	-0.06317960952113104
0	104040	-4.06	-0.03776236393606635
0	015260	-31.64	-0.023832659458266965
0	322780	6.32	0.015375725154245882
0	429270	-27.13	-0.12428993619783274
0	009310	-34.86	-0.047050161020553025
0	184230	-1.74	0.021222549448540212
0	361670	-11.4	-0.0990708849351114
0	900270	-0.26	0.026831591515850767
0	083470	-2.95	-0.040224091507951684
0	115480	-14.59	0.1158081696755126
0	179530	-19.36	-0.1008272031794178
0	217880	-406.8	-0.09818781146381661
0	038530	-19.49	-0.01586046428760055
0	020180	20.86	0.10270985359235592
0	297570	13.61	0.0882019475072058
0	089140	7.86	0.011682637731109533
0	052460	12.86	0.07885596386108486
0	043710	-11.56	-0.37809062620579403
0	196490	-81.92	-0.9139448618502513
0	131760	-23.23	-0.08050935894461278
0	052860	-0.68	0.02912950591322728
0	051780	-18.75	-0.2940537136608986
0	900300	-25.93	0.7198956122216706
0	075130	2.29	0.032946248702107876
0	101390	-14.38	0.007169689706584034
0	031510	8.86	0.12532914725541827
0	058450	-39.27	-0.15666956462555334
0	053950	-24.26	-0.0721602183451889
0	008470	1.86	0.03216804587163342
0	076610	-3.44	0.042631635058453354
0	003680	2.36	0.04446093585329867
0	119500	3.92	0.04765800614788279
0	351320	-27.57	-0.1642772351789842
0	328380	3.54	-0.002282334239998218
0	095910	-8.47	0.012726556569225786
0	357880	-68.27	-0.1876360537739536
0	348080	-231.23	-0.4249069799568413
0	317240	-7.17	0.01691729116612044
0	148780	6.05	0.009071438485214916
0	368970	-1.07	0.03568522774312346
0	137940	-17.89	-0.23062508718148145
0	016920	2.75	0.0423148161046331
0	001140	-86.44	-0.4714610226418182
0	060380	5.46	0.06839095461234297
0	071950	-49.95	-0.039832136753816284
0	009140	8.6	0.006705412776828776
0	333050	5.45	0.01830433647512451
0	040160	3.63	0.020654021999011913
0	146060	6.62	0.06781224146582941
0	237750	5.19	0.052013249893806277
0	302920	-18.6	-0.0109540223169948
0	069410	-2.57	-0.08819909843984064
0	002410	-13.7	-0.07499337750789392
0	059100	-7.57	-0.043169458471520566
0	278990	13.57	0.016265233916428413
0	299910	-286.64	-0.052789709928085335
0	005320	-7.74	-0.05633442065024568
0	012620	5.28	0.09786164991820519
0	094860	-18.7	-0.07934615835808628
0	006920	28.25	0.22672507804214467
0	054180	-51.61	-0.28881610123312057
0	086060	5.51	0.08779229484339884
0	193250	-16.09	-0.12911512271145278
0	045510	4.03	0.04333082906933473
0	049470	-20.41	-2.51553341886147
0	208710	-21.08	-0.04332789765162794
0	000950	-9.59	-0.460105328727561
0	131180	1.18	-0.02394505408256521
0	187790	-58.88	0.021160655332270233
0	030350	-65.33	-2.154894811159115
0	024070	-0.43	-0.08079135409931151
0	179720	-331.2	-0.08702917217851425
0	089230	-73.77	-0.12117929168658124
0	001070	-2.76	-0.023722916337181717
0	012340	-51.13	-0.22130555202995209
0	091340	-6.85	0.01724231787001214
0	148250	-8.99	-0.0394298962730862
0	002690	-2.03	-0.06213003172916448
0	296640	0.11	-0.03702663758018581
0	317860	-39.44	-0.08110208725232887
0	313760	-82.18	-0.38967772362881076
0	380540	-21.66	-0.09927607883314868
0	009620	-100.94	-0.0018747022972751928
0	900110	0.83	-0.05537591952685882
0	123010	-24.24	-0.2279729283727568
0	000300	-46.38	-0.2175417510207467
0	133820	-24.73	-0.14279637300674292
0	341170	-396.95	-0.2125479540235159
0	080470	11.96	0.031162592727714943
0	008600	-14.78	-0.02746472424279036
0	159910	-41.5	-0.21506727835152328
0	257990	9.8	0.028576840675131943
0	039310	14.49	0.023740312320426796
0	026040	1.76	-0.01843927969781217
0	084870	10.93	0.11893021220311291
0	068940	-20.96	0.0
0	227420	-177.73	-0.17062080379460667
0	044480	-68.02	-0.06518730991163138
0	092600	-39.39	-0.40373561067058067
0	018620	-3.44	0.010850824798319982
0	033050	5.24	0.1243500062669577
0	456190	8.45	0.02935374788653015
0	042940	43.07	0.3417887487876359
0	030720	-33.44	-0.24865355382324064
0	045300	-1.53	-0.016363759835642398
0	123330	-32.11	-0.11721611721611722
0	318160	-4.84	0.09461384731644608
0	121850	-25.98	-0.12621870314900271
0	076340	8.55	0.1427546489663182
0	072520	-22.3	-0.4258129679249027
0	101400	3.25	0.06387425458744896
0	206950	57.28	0.032777707487805056
0	113810	17.45	0.05413927219493603
0	014100	8.33	-0.02270504401285455
0	060900	-17.04	-0.23655780013862288
0	001420	-0.28	-0.024224806201550386
0	016670	-4.88	-5.010799136069119
0	079190	14.16	0.04434280893473739
0	014910	-4.84	0.01229590488576551
0	110020	-81.59	-0.038849862762859795
0	379390	8.86	-0.0235335395727165
0	035200	3.8	0.0531699547219857
0	015020	-6.66	-0.0390706265466797
0	083640	-33.15	-1.330631128579909
0	215480	7.6	0.09129760658602046
0	054090	-27.89	-0.11471396793041974
0	223220	-385.33	-0.019543045296596787
0	054940	-1.24	0.04861944047538986
0	043100	-78.93	-0.6609051982584351
0	336040	-145.38	-0.13233639912657977
0	365900	-27.33	-0.15999371059206638
0	073190	-20.41	-0.13181447011934955
0	010400	2.05	-0.07995652303486855
0	103230	7.88	0.07135848720007136
0	035460	8.76	0.06884334727619731
0	002070	-8.44	0.04260404995837846
0	032280	4.61	0.03073595916297522
0	001210	-73.41	-0.15362055931671975
0	243870	52.55	0.03628636774526116
0	154030	-10.42	-0.012155159640396894
0	352940	-14.45	-0.07260830382731183
0	025870	1.7	0.030238349341871217
0	084670	-4.3	-0.002762540830353473
0	044780	3.17	0.01986170296227369
0	177350	-83.47	-0.44126951960772687
0	377460	-86.76	-0.48111463405022026
0	032080	-1.21	-0.003182873998994084
0	154040	55.28	-0.0007745669396240563
0	208350	24.96	0.040744912063991244
0	191600	5.29	0.04508566275924256
0	050760	-8.73	-0.03889540054408682
0	063760	0.88	-0.19997232525855796
0	149010	15.27	0.07549904871198623
0	900260	7.35	0.29812150963962536
0	900120	1.81	0.8797956296709714
0	023790	-81.34	-0.0477350568948357
0	002680	-20.94	0.008832526465684162
0	207490	1.46	0.002577319587628866
0	067730	3.03	0.017823786913062696
0	119650	-91.69	-0.05739632974953099
0	001000	-4.46	0.010288284416741981
0	244460	-199.91	-0.879728185823251
0	224060	-16.99	-0.11602993750895327
0	225430	-3.68	-0.029656355897623346
0	025620	-16.66	-0.32948716292171126
0	019490	-136.62	-0.20992729645194877
0	424760	-24.14	-0.012001070495488198
0	054220	-43.48	-0.3036718633048908
0	225590	9.06	0.17502386536835834
0	233250	-6.91	-0.050114627573145186
0	139050	0.21	-0.05232783110779395
0	043200	-3.82	-0.04529598782443847
0	310870	9.03	0.11692979318062105
0	054410	6.55	0.012072971454062645
0	291810	-6.06	-0.11465318684902469
0	258790	-41.44	-0.07604252251063397
0	008290	-20.94	-0.07437364473604481
0	035290	-22.1	-0.40869945993285656
0	130740	-3.13	-0.049562373095986205
0	317530	-65.66	-0.14032934538825623
0	043590	23.99	0.022395965142919853
0	900070	2.18	0.15164361459067682
0	005110	-182.79	0.0019392637337009245
0	232830	-9.02	-0.05222652314336016
0	017250	23.43	0.18542594958903688
0	115570	-20.91	-0.06981978281940497
0	258830	-105.07	-0.00330003618819684
0	079650	2.24	-0.05598320503848845
0	044380	-11.24	-0.23418956359621892
0	204210	5.24	0.004473304215105096
0	010420	-8.79	-0.019696724930344994
0	344860	12.26	0.05311534794536556
0	025890	7.95	0.08556105198169021
0	251280	-74.51	-0.10972160884795054
0	214310	-82.12	-0.16280754808354425
0	446440	-88.46	-0.18914162596009934
0	279060	-187.68	-0.06269385600211179
0	050120	-28.96	-0.2609182699611174
0	215790	-20.47	-0.5494609642580585
0	060480	-2.59	-0.10759866675470194
0	066430	6.95	0.006605497993778149
0	088790	4.15	0.11582811984869677
0	121890	24.65	0.05727295511495598
0	071460	-148.29	-0.5921897862294061
0	217620	-324.79	-0.09063224099680843
0	048830	3.88	0.05234058847350051
0	020400	1.67	0.018856889553167146
0	043090	-53.53	-1.2175293849041546
0	101680	-17.37	-0.1074866939150554
0	308100	-7.68	-0.01706575649298704
0	039740	4.44	0.002189696950321469
0	275630	6.24	0.073786239419745
0	436610	3.21	-0.0
0	230980	-105.34	-0.3357532428547093
0	091970	-20.59	-0.07071897943397785
0	086220	3.19	0.04757722149026497
0	065570	-45.83	-0.1146724617993132
0	067770	-3.26	-0.14258697188322017
0	335870	12.02	0.12263209684207635
0	065770	-3.82	-0.11276196984167022
0	134060	6.39	0.043993665791999266
0	191410	-0.84	0.033607451892332926
0	053060	29.75	0.13693941621987826
0	196700	2.96	0.05584937578011912
0	219550	-45.56	-0.13337604600164077
0	019660	-35.33	-0.6875281027111984
0	123750	-1.36	0.02182988036601849
0	043360	-4.93	-0.13386217154189392
0	900280	-76.99	152.72185102973395
0	027040	-31.21	-0.06662825022028965
0	449020	3.88	-0.0
0	052960	8.11	0.06157226258744057
0	001770	0.21	0.014948369399833645
0	079950	-40.05	-0.23260264210206802
0	250930	-37.39	-0.18292936432045898
0	204630	-73.75	2.9389959754289343
0	286000	-291.11	-0.05811181054182427
0	069140	-77.58	-0.2033311964822579
0	238500	-92.01	-0.2720946279813409
0	069330	-15.58	-0.008286285415963657
0	019570	-35.75	1.750798483094596
0	439410	3.1	-0.005265374894692502
0	106240	-4.15	0.01530388737869278
0	065420	-67.57	-0.5898265347595065
0	065150	-20.04	-0.015319452717658145
0	031860	-52.99	0.3026098831925851
0	050090	-22.41	-0.05705399263840484
0	009440	-14.6	-0.042245564835600005
0	456700	3.87	0.014591439688715954
0	289170	-19.91	-0.024429760529715384
0	070590	-27.12	-0.2498242902491914
0	023460	-18.8	-0.03368123529023601
0	062970	-66.67	-0.10573608386253068
0	084440	-8.05	0.01401862591741831
0	224760	-14.43	-0.23547677577953163
0	424140	2.78	-0.005589043239633023
0	199150	-1906.17	-0.16415905337179346
0	440820	3.17	-0.0061214495592556315
0	322970	-45.57	-0.1552770919706216
0	096870	-0.92	-0.01856328812760157
0	026910	-20.8	-0.08167584839329022
0	412930	1.71	-0.00541092747625685
0	106520	-46.93	2.174773246208966
0	406760	2.42	-0.0
0	065690	-20.92	-0.12195481396987003
0	390110	-98.62	-0.3040199801930983
0	011080	6.28	0.021437667562169083
0	073540	3.5	-0.016848631891090444
0	208850	6.66	0.05827505827505827
0	430220	1.72	-0.006169564305368754
0	238170	-1.02	-0.11839437495169675
0	422040	3.4	-0.006303421497188674
0	442310	2.97	-0.006638651557095723
0	060260	-31.62	-0.02509331846661757
0	331660	-174.05	-0.07892867478755031
0	341310	-21.59	-0.09874483384515387
0	212310	-28.72	-0.17270790701208907
0	430230	2.43	-0.0
0	140910	-3.64	-0.0360844173292768
0	149300	-78.91	-5.341100944202427
0	253610	-701.2	-0.09417982387345519
0	008500	-52.94	-0.042382459312839064
0	079970	-41.73	-0.1870740890894917
0	446750	3.08	-0.0
0	425290	1.92	-0.007290330106147206
0	044180	-11.11	0.01681455346683304
0	446840	2.01	-0.0
0	086460	-58.7	-0.25149184135729735
0	418170	2.25	-0.0
0	430460	2.66	-0.0
0	054630	-37.97	-0.15991151020372085
0	244880	19.18	0.321285140562249
0	421800	1.93	-0.0
0	438220	2.82	-0.007807620237351656
0	254160	-32.33	-0.034636723743789004
0	435380	2.68	-0.0
0	311960	-17.6	-0.14061699106855305
0	448370	1.9	-0.007803720814084155
0	445970	2.69	-0.0
0	178600	9.08	0.09412105415580654
0	174880	-3.12	-0.12384092633012896
0	446190	3.78	-0.0
0	446150	3.47	-0.00836638053645232
0	430700	2.56	-0.0
0	444920	0.97	-0.0
0	202960	34.84	0.37092739810895786
0	415580	1.81	-0.008753156607101437
0	351020	21.87	0.05909762473008297
0	046070	-105.85	-0.06523625158142969
0	437780	2.8	-0.009225900793888762
0	450050	1.09	-0.0
0	112190	6.53	0.03360600645891051
0	448830	1.37	-0.008161000212186005
0	116100	2.13	0.06344984416718272
0	346010	-186.88	-0.20262055923274347
0	433530	2.02	-0.0
0	250030	-83.75	-0.0681731177664389
0	224810	-41.0	-0.02460247578598436
0	450940	1.15	-0.0
0	448760	1.75	-0.0
0	439730	2.14	-0.009298519675667635
0	114920	27.53	0.17070141210232848
0	442770	2.79	-0.0
0	185190	-10.99	-0.06376224334700768
0	445360	3.44	-0.0
0	440790	1.76	-0.0
0	447690	-265.74	-0.3655430955001645
0	227100	-120.7	-0.05499142650830033
0	066830	-2.27	-0.07631836541935492
0	418210	1.93	-0.0
0	199290	-3.45	0.06536261442287365
0	189350	2.77	0.02933780385582565
0	296520	-40.86	-0.17083620907618613
0	435870	1.27	-0.01216012451967508
0	442130	3.34	-0.0
0	413600	0.81	-0.0
0	318660	33.72	0.05493881647138969
0	323230	-80.96	-0.14705448953439113
0	419700	-591.97	-0.4236508034307242
0	234070	10.04	0.049646728067848644
0	438580	2.73	-0.014663831659212553
0	233990	-39.17	-0.009410763843468882
0	136660	-69.93	-0.11584883600630178
0	092590	-8.36	-0.2803247842950843
0	446600	-122.37	-0.03831755288780237
0	258050	-80.39	-0.2401758086919625
0	217910	-6.89	0.005643351048940946
0	448780	1.47	0.03138480755620627
0	299480	-6.42	-0.061167700579212246
0	208890	-8.2	0.05201614581165994
0	266470	-80.09	-1.7778496100852563
0	121060	-22.79	-0.07951771370669551
0	266870	-21.45	-1.2096469343010507
0	217320	-13.22	0.02318202234167403
0	140660	3.48	0.10400776591318818
0	215570	-43.78	-0.07251655280963572
0	413300	-63.19	-0.07851121794452397
0	288490	-8077.66	-0.06576501371419753
0	245450	15.62	0.07099885928499416
0	236030	-46.53	0.0066933821860987825
0	308700	-203.15	-0.1119737234995521
0	258250	-53.64	-0.19383823494427593
